vehicle,class,first_seen_clip_s,last_seen_clip_s,first_seen_camera_clock,plate,plate_status,plate_confidence,crops_agreed
V1,car,0.0,119.9,18-06-2026 11:45:54,,not read,,
V2,motorcycle,0.0,1.5,18-06-2026 11:45:54,,not read,,
V3,motorcycle,0.8,5.8,18-06-2026 11:45:54,,not read,,
V4,motorcycle,1.2,1.5,18-06-2026 11:45:55,,not read,,
V5,motorcycle,1.9,2.2,18-06-2026 11:45:55,,not read,,
V6,motorcycle,5.6,8.3,18-06-2026 11:45:59,,not read,,
V7,motorcycle,7.3,9.4,18-06-2026 11:46:01,,not read,,
V8,motorcycle,12.8,16.0,18-06-2026 11:46:06,,not read,,
V9,motorcycle,16.0,18.2,18-06-2026 11:46:09,,not read,,
V10,car,17.6,107.4,18-06-2026 11:46:11,,not read,,
V11,motorcycle,18.9,21.0,18-06-2026 11:46:12,,not read,,
V12,motorcycle,20.3,22.2,18-06-2026 11:46:14,,not read,,
V13,car,23.4,24.2,18-06-2026 11:46:17,,not read,,
V14,motorcycle,23.6,25.7,18-06-2026 11:46:17,,not read,,
V15,truck,24.4,27.5,18-06-2026 11:46:18,,not read,,
V16,motorcycle,25.6,28.0,18-06-2026 11:46:19,,not read,,
V17,motorcycle,26.5,28.5,18-06-2026 11:46:20,,not read,,
V18,motorcycle,26.5,29.4,18-06-2026 11:46:20,,not read,,
V19,motorcycle,27.4,29.4,18-06-2026 11:46:21,,not read,,
V20,motorcycle,28.9,32.7,18-06-2026 11:46:22,,not read,,
V21,truck,30.0,33.8,18-06-2026 11:46:24,GJ13AW0739,CONFIRMED,1.00,3
V22,motorcycle,31.8,34.9,18-06-2026 11:46:25,,not read,,
V23,car,34.2,36.9,18-06-2026 11:46:28,GJ14BA3377,CONFIRMED,1.00,12
V24,motorcycle,35.3,35.5,18-06-2026 11:46:29,,not read,,
V25,motorcycle,35.8,38.1,18-06-2026 11:46:29,,not read,,
V26,car,35.8,39.3,18-06-2026 11:46:29,GJ11CD3844,CONFIRMED,1.00,12
V27,car,38.7,41.3,18-06-2026 11:46:32,,not read,,
V28,car,40.3,43.8,18-06-2026 11:46:34,,not read,,
V29,motorcycle,42.1,43.7,18-06-2026 11:46:36,,not read,,
V30,car,42.8,45.9,18-06-2026 11:46:36,GJ11DB3063,CONFIRMED,1.00,12
V31,car,43.0,49.2,18-06-2026 11:46:36,RJ24TA3407,CONFIRMED,1.00,12
V32,car,45.2,45.4,18-06-2026 11:46:39,,not read,,
V33,motorcycle,49.1,51.2,18-06-2026 11:46:43,,not read,,
V34,truck,49.7,52.8,18-06-2026 11:46:43,,not read,,
V35,truck,51.4,54.5,18-06-2026 11:46:45,GJ11VV7988,CONFIRMED,1.00,13
V36,motorcycle,51.8,53.9,18-06-2026 11:46:45,,not read,,
V37,car,53.8,57.2,18-06-2026 11:46:47,GJ05CS1117,CONFIRMED,1.00,12
V38,car,53.8,57.5,18-06-2026 11:46:47,,not read,,
V39,motorcycle,53.9,54.0,18-06-2026 11:46:47,,not read,,
V40,motorcycle,55.2,55.4,18-06-2026 11:46:49,,not read,,
V41,motorcycle,55.4,56.9,18-06-2026 11:46:49,,not read,,
V42,motorcycle,55.4,57.7,18-06-2026 11:46:49,,not read,,
V43,motorcycle,55.6,58.4,18-06-2026 11:46:49,,not read,,
V44,motorcycle,59.6,62.6,18-06-2026 11:46:53,,not read,,
V45,motorcycle,61.0,63.1,18-06-2026 11:46:55,,not read,,
V46,motorcycle,61.9,65.2,18-06-2026 11:46:55,,not read,,
V47,car,63.6,69.2,18-06-2026 11:46:57,,not read,,
V48,car,64.1,89.2,18-06-2026 11:46:58,,not read,,
V49,car,64.9,68.3,18-06-2026 11:46:58,GJ03EL4466,CONFIRMED,1.00,12
V50,motorcycle,66.4,69.1,18-06-2026 11:47:00,,not read,,
V51,car,68.3,78.6,18-06-2026 11:47:02,GJ11CD1448,CONFIRMED,1.00,12
V52,car,68.9,72.1,18-06-2026 11:47:02,GJ18EC0510,CONFIRMED,1.00,12
V53,car,70.5,73.4,18-06-2026 11:47:04,GJ11BH6725,CONFIRMED,1.00,12
V54,car,73.8,77.0,18-06-2026 11:47:07,GJ11BR5399,CONFIRMED,1.00,12
V55,car,75.2,86.6,18-06-2026 11:47:09,,not read,,
V56,car,75.3,78.9,18-06-2026 11:47:09,GJ11CH7598,CONFIRMED,1.00,12
V57,motorcycle,76.0,77.7,18-06-2026 11:47:10,,not read,,
V58,car,78.1,82.0,18-06-2026 11:47:12,GJ11CH3002,CONFIRMED,1.00,12
V59,truck,80.5,83.8,18-06-2026 11:47:14,,not read,,
V60,motorcycle,81.2,83.1,18-06-2026 11:47:15,,not read,,
V61,motorcycle,82.6,84.2,18-06-2026 11:47:16,,not read,,
V62,motorcycle,82.6,84.5,18-06-2026 11:47:16,,not read,,
V63,motorcycle,86.9,90.0,18-06-2026 11:47:20,,not read,,
V64,motorcycle,89.2,91.6,18-06-2026 11:47:23,,not read,,
V65,car,89.2,93.7,18-06-2026 11:47:23,,not read,,
V66,car,89.2,95.3,18-06-2026 11:47:23,,not read,,
V67,motorcycle,92.3,95.2,18-06-2026 11:47:26,,not read,,
V68,motorcycle,93.9,96.8,18-06-2026 11:47:27,,not read,,
V69,motorcycle,93.9,99.2,18-06-2026 11:47:27,,not read,,
V70,motorcycle,94.0,96.2,18-06-2026 11:47:27,,not read,,
V71,motorcycle,95.0,97.2,18-06-2026 11:47:29,,not read,,
V72,motorcycle,95.2,98.1,18-06-2026 11:47:29,,not read,,
V73,motorcycle,96.9,100.3,18-06-2026 11:47:30,,not read,,
V74,motorcycle,97.2,98.8,18-06-2026 11:47:31,,not read,,
V75,car,101.2,106.9,18-06-2026 11:47:35,,not read,,
V76,motorcycle,101.5,104.0,18-06-2026 11:47:35,,not read,,
V77,car,104.2,108.2,18-06-2026 11:47:38,GJ37T9052,CONFIRMED,1.00,21
V78,motorcycle,106.1,107.6,18-06-2026 11:47:40,,not read,,
V79,motorcycle,107.4,109.5,18-06-2026 11:47:41,,not read,,
V80,motorcycle,112.7,114.3,18-06-2026 11:47:46,,not read,,
V81,car,115.9,119.4,18-06-2026 11:47:49,,not read,,
V82,motorcycle,117.1,119.6,18-06-2026 11:47:51,,not read,,
V83,car,118.7,119.0,18-06-2026 11:47:52,,not read,,
V84,motorcycle,118.9,119.9,18-06-2026 11:47:52,,not read,,
