camera_id,external_camera_id,source_system,name,camera_type,owning_department,owning_unit,district,city,road_or_junction,latitude,longitude,vms_name,vms_vendor,resolution,fps,codec,retention_days,installation_date,installation_status,approval_status,health_status,last_heartbeat_utc,video_access_enabled,sync_status,last_metadata_sync_utc
VIGENTRA-MUNICIPAL-AHM-CAM03,GRID-cam03,municipal_vms,O.N.G.C. Office,bullet,Municipal Corporation,Ahmedabad Municipal Unit,Ahmedabad,Ahmedabad,ONGC Office Road,23.103638,72.586766,Sentinel Camera Grid,MediaMTX,,,,,,COMMISSIONED,SYNCHRONIZED,online,2026-09-27 16:37:29.42478+00,t,SYNCHRONIZED,2026-09-20 10:50:08.835633+00
VIGENTRA-MUNICIPAL-NAV-CAM19,GRID-cam19,municipal_vms,Khaparia Gram Panchayat,fixed,Municipal Corporation,Navsari Municipal Unit,Navsari,Navsari,Khaparia village road,20.83,72.99,Sentinel Camera Grid,MediaMTX,,,,,,COMMISSIONED,SYNCHRONIZED,online,2026-09-27 16:37:29.425092+00,t,SYNCHRONIZED,2026-09-20 10:50:08.839047+00
VIGENTRA-MUNICIPAL-NAV-CAM20,GRID-cam20,municipal_vms,Mohanpura (AI IPC),fixed,Municipal Corporation,Navsari Municipal Unit,Navsari,Navsari,Mohanpura road,20.85,73,Sentinel Camera Grid,MediaMTX,,,,,,COMMISSIONED,SYNCHRONIZED,online,2026-09-27 16:37:29.425009+00,t,SYNCHRONIZED,2026-09-20 10:50:08.840133+00
VIGENTRA-MUNICIPAL-NAV-CAM21,GRID-cam21,municipal_vms,Kheram village road,fixed,Municipal Corporation,Navsari Municipal Unit,Navsari,Navsari,Kheram village road,20.86,73.05,Sentinel Camera Grid,MediaMTX,,,,,,COMMISSIONED,SYNCHRONIZED,online,2026-09-27 16:37:29.424571+00,t,SYNCHRONIZED,2026-09-20 10:50:08.841415+00
VIGENTRA-MUNICIPAL-NAV-CAM22,GRID-cam22,municipal_vms,Bilimora Bus Station - concourse,fixed,Municipal Corporation,Navsari Municipal Unit,Navsari,Navsari,Bilimora Bus Station,20.766635,72.970008,Sentinel Camera Grid,MediaMTX,,,,,,COMMISSIONED,SYNCHRONIZED,online,2026-09-27 16:37:29.424712+00,t,SYNCHRONIZED,2026-09-20 10:50:08.842785+00
VIGENTRA-MUNICIPAL-RAJ-CAM17,GRID-cam17,municipal_vms,Rajkot Bus Port,dome,Municipal Corporation,Rajkot Municipal Unit,Rajkot,Rajkot,Rajkot Bus Port,22.295499,70.79895,Sentinel Camera Grid,MediaMTX,,,,,,COMMISSIONED,SYNCHRONIZED,online,2026-09-27 16:37:29.424848+00,t,SYNCHRONIZED,2026-09-20 10:50:08.83678+00
VIGENTRA-MUNICIPAL-RAJ-CAM18,GRID-cam18,municipal_vms,Rajkot City Camera,fixed,Municipal Corporation,Rajkot Municipal Unit,Rajkot,Rajkot,Rajkot,22.3039,70.8022,Sentinel Camera Grid,MediaMTX,,,,,,COMMISSIONED,SYNCHRONIZED,online,2026-09-27 16:37:29.424928+00,t,SYNCHRONIZED,2026-09-20 10:50:08.837911+00
VIGENTRA-TRAFFIC-AHM-CAM01,GRID-cam01,traffic_vms,"Chimanbhai Patel Bridge, RTO Circle, Ranip",PTZ,Traffic Police,Ahmedabad Traffic Unit,Ahmedabad,Ahmedabad,Chimanbhai Patel Bridge,23.068493,72.580767,Sentinel Camera Grid,MediaMTX,,,,,,COMMISSIONED,SYNCHRONIZED,online,2026-09-27 16:37:28.364541+00,t,SYNCHRONIZED,2026-09-20 10:50:08.7083+00
VIGENTRA-TRAFFIC-AHM-CAM02,GRID-cam02,traffic_vms,Janpath T-Junction,PTZ,Traffic Police,Ahmedabad Traffic Unit,Ahmedabad,Ahmedabad,Janpath,23.03,72.57,Sentinel Camera Grid,MediaMTX,,,,,,COMMISSIONED,SYNCHRONIZED,online,2026-09-27 16:37:28.364609+00,t,SYNCHRONIZED,2026-09-20 10:50:08.714999+00
VIGENTRA-TRAFFIC-AHM-CAM04,GRID-cam04,traffic_vms,Paldi Junction (V.S. Hospital approach),fixed,Traffic Police,Ahmedabad Traffic Unit,Ahmedabad,Ahmedabad,Paldi Char Rasta,23.0165,72.5655,Sentinel Camera Grid,MediaMTX,,,,,,COMMISSIONED,SYNCHRONIZED,online,2026-09-27 16:37:28.364261+00,t,SYNCHRONIZED,2026-09-20 10:50:08.71684+00
VIGENTRA-TRAFFIC-AHM-CAM05,GRID-cam05,traffic_vms,Visat Three-Way Junction (Motera),PTZ,Traffic Police,Ahmedabad Traffic Unit,Ahmedabad,Ahmedabad,Visat Circle,23.103,72.5875,Sentinel Camera Grid,MediaMTX,,,,,,COMMISSIONED,SYNCHRONIZED,online,2026-09-27 16:37:28.36373+00,t,SYNCHRONIZED,2026-09-20 10:50:08.718718+00
VIGENTRA-TRAFFIC-AHM-CAM13,GRID-cam13,traffic_vms,C.N. Vidyalaya Junction,fixed,Traffic Police,Ahmedabad Traffic Unit,Ahmedabad,Ahmedabad,C N Vidyalaya Cross Road,23.020838,72.552041,Sentinel Camera Grid,MediaMTX,,,,,,COMMISSIONED,SYNCHRONIZED,online,2026-09-27 16:37:28.365261+00,t,SYNCHRONIZED,2026-09-20 10:50:08.730663+00
VIGENTRA-TRAFFIC-AHM-CAM14,GRID-cam14,traffic_vms,Delight Circle,fixed,Traffic Police,Ahmedabad Traffic Unit,Ahmedabad,Ahmedabad,Delight Circle,23.047,72.562,Sentinel Camera Grid,MediaMTX,,,,,,COMMISSIONED,SYNCHRONIZED,online,2026-09-27 16:37:28.365091+00,t,SYNCHRONIZED,2026-09-20 10:50:08.732062+00
VIGENTRA-TRAFFIC-AHM-CAM15,GRID-cam15,traffic_vms,Suvidha Park Junction,fixed,Traffic Police,Ahmedabad Traffic Unit,Ahmedabad,Ahmedabad,Suvidha Park Cross Road,23.01468,72.559172,Sentinel Camera Grid,MediaMTX,,,,,,COMMISSIONED,SYNCHRONIZED,online,2026-09-27 16:37:28.365875+00,t,SYNCHRONIZED,2026-09-20 10:50:08.733369+00
VIGENTRA-TRAFFIC-AHM-CAM16,GRID-cam16,traffic_vms,Visat T-Junction,fixed,Traffic Police,Ahmedabad Traffic Unit,Ahmedabad,Ahmedabad,Visat T Junction,23.1035,72.588,Sentinel Camera Grid,MediaMTX,,,,,,COMMISSIONED,SYNCHRONIZED,online,2026-09-27 16:37:28.365639+00,t,SYNCHRONIZED,2026-09-20 10:50:08.734656+00
VIGENTRA-TRAFFIC-BHA-CAM06,GRID-cam06,traffic_vms,Madhuram Bypass Road (from Aksharvadi),fixed,Traffic Police,Bhavnagar Traffic Unit,Bhavnagar,Bhavnagar,Madhuram Bypass Road,21.769769,72.14594,Sentinel Camera Grid,MediaMTX,,,,,,COMMISSIONED,SYNCHRONIZED,online,2026-09-27 16:37:28.365014+00,t,SYNCHRONIZED,2026-09-20 10:50:08.720423+00
VIGENTRA-TRAFFIC-GAN-CAM12,GRID-cam12,traffic_vms,"Tri Mandir Adalaj Toll Plaza, Lane 9",fixed,Traffic Police,Gandhinagar Traffic Unit,Gandhinagar,Gandhinagar,Adalaj Toll Plaza,23.164692,72.582105,Sentinel Camera Grid,MediaMTX,,,,,,COMMISSIONED,SYNCHRONIZED,online,2026-09-27 16:37:28.366022+00,t,SYNCHRONIZED,2026-09-20 10:50:08.729372+00
VIGENTRA-TRAFFIC-GIR-CAM07,GRID-cam07,traffic_vms,Hero Showroom (Bhavani Char Rasta approach),fixed,Traffic Police,Gir Somnath Traffic Unit,Gir Somnath,Gir Somnath,Bhavani Char Rasta,20.91,70.367,Sentinel Camera Grid,MediaMTX,,,,,,COMMISSIONED,SYNCHRONIZED,online,2026-09-27 16:37:28.364852+00,t,SYNCHRONIZED,2026-09-20 10:50:08.722012+00
VIGENTRA-TRAFFIC-GUJ-CAM24,GRID-cam24,traffic_vms,33 dehgam,fixed,Traffic Police,Gujarat Traffic Unit,Gujarat,Gujarat,33 dehgam,23.172687,72.82181,Sentinel Camera Grid,MediaMTX,,,,,,COMMISSIONED,SYNCHRONIZED,online,2026-09-27 16:37:28.365362+00,t,SYNCHRONIZED,2026-09-20 10:50:08.737264+00
VIGENTRA-TRAFFIC-GUJ-CAM25,GRID-cam25,traffic_vms,34 dhanori,fixed,Traffic Police,Gujarat Traffic Unit,Gujarat,Gujarat,34 dhanori,23.208329,72.888549,Sentinel Camera Grid,MediaMTX,,,,,,COMMISSIONED,SYNCHRONIZED,online,2026-09-27 16:37:28.365462+00,t,SYNCHRONIZED,2026-09-20 10:50:08.738515+00
VIGENTRA-TRAFFIC-GUJ-CAM26,GRID-cam26,traffic_vms,35 TANKAL,fixed,Traffic Police,Gujarat Traffic Unit,Gujarat,Gujarat,35 TANKAL,20.952712,72.928669,Sentinel Camera Grid,MediaMTX,,,,,,COMMISSIONED,SYNCHRONIZED,online,2026-09-27 16:37:28.365562+00,t,SYNCHRONIZED,2026-09-20 10:50:08.739687+00
VIGENTRA-TRAFFIC-GUJ-CAM27,GRID-cam27,traffic_vms,36 bilimora,fixed,Traffic Police,Gujarat Traffic Unit,Gujarat,Gujarat,36 bilimora,20.768981,72.962779,Sentinel Camera Grid,MediaMTX,,,,,,COMMISSIONED,SYNCHRONIZED,online,2026-09-27 16:37:28.365718+00,t,SYNCHRONIZED,2026-09-20 10:50:08.740866+00
VIGENTRA-TRAFFIC-GUJ-CAM28,GRID-cam28,traffic_vms,37 bilimora,fixed,Traffic Police,Gujarat Traffic Unit,Gujarat,Gujarat,37 bilimora,20.76891,72.960947,Sentinel Camera Grid,MediaMTX,,,,,,COMMISSIONED,SYNCHRONIZED,online,2026-09-27 16:37:28.364461+00,t,SYNCHRONIZED,2026-09-20 10:50:08.742105+00
VIGENTRA-TRAFFIC-GUJ-CAM29,GRID-cam29,traffic_vms,38 bilimora,fixed,Traffic Police,Gujarat Traffic Unit,Gujarat,Gujarat,38 bilimora,20.770891,72.959789,Sentinel Camera Grid,MediaMTX,,,,,,COMMISSIONED,SYNCHRONIZED,online,2026-09-27 16:37:28.364685+00,t,SYNCHRONIZED,2026-09-20 10:50:08.743355+00
VIGENTRA-TRAFFIC-GUJ-CAM30,GRID-cam30,traffic_vms,Gandhidham Rambaugh p2,fixed,Traffic Police,Gujarat Traffic Unit,Gujarat,Gujarat,Gandhidham Rambaugh p2,23.080496,70.133883,Sentinel Camera Grid,MediaMTX,,,,,,COMMISSIONED,SYNCHRONIZED,online,2026-09-27 16:37:28.365801+00,t,SYNCHRONIZED,2026-09-20 10:50:08.744534+00
VIGENTRA-TRAFFIC-JUN-CAM08,GRID-cam08,traffic_vms,Majevadi Gate,PTZ,Traffic Police,Junagadh Traffic Unit,Junagadh,Junagadh,Majevadi Gate,21.517,70.467,Sentinel Camera Grid,MediaMTX,,,,,,COMMISSIONED,SYNCHRONIZED,online,2026-09-27 16:37:28.364352+00,t,SYNCHRONIZED,2026-09-20 10:50:08.723579+00
VIGENTRA-TRAFFIC-JUN-CAM09,GRID-cam09,traffic_vms,New Bypass at 66KV Substation (from Vadla Fatak),fixed,Traffic Police,Junagadh Traffic Unit,Junagadh,Junagadh,New Bypass Road,21.496747,70.402476,Sentinel Camera Grid,MediaMTX,,,,,,COMMISSIONED,SYNCHRONIZED,online,2026-09-27 16:37:28.364922+00,t,SYNCHRONIZED,2026-09-20 10:50:08.725184+00
VIGENTRA-TRAFFIC-JUN-CAM10,GRID-cam10,traffic_vms,Char Chowk (from Diparti Furniture),fixed,Traffic Police,Junagadh Traffic Unit,Junagadh,Junagadh,Char Chowk Road,21.5185,70.46,Sentinel Camera Grid,MediaMTX,,,,,,COMMISSIONED,SYNCHRONIZED,online,2026-09-27 16:37:28.364755+00,t,SYNCHRONIZED,2026-09-20 10:50:08.726622+00
VIGENTRA-TRAFFIC-JUN-CAM11,GRID-cam11,traffic_vms,Dolatpara Gate,PTZ,Traffic Police,Junagadh Traffic Unit,Junagadh,Junagadh,Dolatpara Gate,21.558757,70.465922,Sentinel Camera Grid,MediaMTX,,,,,,COMMISSIONED,SYNCHRONIZED,online,2026-09-27 16:37:28.365165+00,t,SYNCHRONIZED,2026-09-20 10:50:08.728045+00
VIGENTRA-TRAFFIC-KUT-CAM23,GRID-cam23,traffic_vms,"Hiralal Parakh Circle, Rambaug",PTZ,Traffic Police,Kutch Traffic Unit,Kutch,Kutch,Hiralal Parakh Circle,23.075403,70.090851,Sentinel Camera Grid,MediaMTX,,,,,,COMMISSIONED,SYNCHRONIZED,online,2026-09-27 16:37:28.365952+00,t,SYNCHRONIZED,2026-09-20 10:50:08.735981+00
VIGENTRA-TRAFFIC-AHM-0001,TRF-AHM-0001,traffic_vms_local,Own feed - Delhi test clip,fixed,Traffic Police,Ahmedabad Traffic Zone 1,Ahmedabad,Ahmedabad,CG Road,23.0225,72.5714,Traffic VMS Demo,GTP-VMS,1920x1080,25,H.264,30,2026-08-01,COMMISSIONED,SYNCHRONIZED,online,2026-09-27 16:37:28.538575+00,t,SYNCHRONIZED,2026-09-20 10:50:08.783793+00
VIGENTRA-TRAFFIC-AHM-R01,REC-R01,traffic_vms_local,Recorded feed - Ahmedabad CAM01,fixed,Traffic Police,Ahmedabad Traffic Control Room,Ahmedabad,Ahmedabad,Grid camera cam01 (recording),23.069093,72.581367,Traffic VMS Demo,GTP-VMS,1280x720,25,H.264,7,2026-09-14,DECOMMISSIONED,DECOMMISSIONED,unavailable,2026-09-14 14:00:26.399744+00,f,WITHDRAWN,2026-09-20 10:50:08.785012+00
VIGENTRA-TRAFFIC-AHM-R02,REC-R02,traffic_vms_local,Recorded feed - Ahmedabad CAM02,fixed,Traffic Police,Ahmedabad Traffic Control Room,Ahmedabad,Ahmedabad,Grid camera cam02 (recording),23.0306,72.5706,Traffic VMS Demo,GTP-VMS,1280x720,25,H.264,7,2026-09-14,DECOMMISSIONED,DECOMMISSIONED,unavailable,2026-09-14 14:00:26.415352+00,f,WITHDRAWN,2026-09-20 10:50:08.786635+00
VIGENTRA-TRAFFIC-AHM-R04,REC-R04,traffic_vms_local,Recorded feed - Ahmedabad CAM04,fixed,Traffic Police,Ahmedabad Traffic Control Room,Ahmedabad,Ahmedabad,Grid camera cam04 (recording),23.0171,72.5661,Traffic VMS Demo,GTP-VMS,1280x720,25,H.264,7,2026-09-14,DECOMMISSIONED,DECOMMISSIONED,unavailable,2026-09-14 14:00:26.421203+00,f,WITHDRAWN,2026-09-20 10:50:08.787846+00
VIGENTRA-TRAFFIC-AHM-R05,REC-R05,traffic_vms_local,Recorded feed - Ahmedabad CAM05,fixed,Traffic Police,Ahmedabad Traffic Control Room,Ahmedabad,Ahmedabad,Grid camera cam05 (recording),23.1036,72.5881,Traffic VMS Demo,GTP-VMS,1280x720,25,H.264,7,2026-09-14,DECOMMISSIONED,DECOMMISSIONED,unavailable,2026-09-14 14:00:26.428969+00,f,WITHDRAWN,2026-09-20 10:50:08.789001+00
VIGENTRA-TRAFFIC-AHM-R13,REC-R13,traffic_vms_local,Recorded feed - Ahmedabad CAM13,fixed,Traffic Police,Ahmedabad Traffic Control Room,Ahmedabad,Ahmedabad,Grid camera cam13 (recording),23.021438,72.552641,Traffic VMS Demo,GTP-VMS,1280x720,25,H.264,7,2026-09-14,DECOMMISSIONED,DECOMMISSIONED,unavailable,2026-09-14 14:00:26.434493+00,f,WITHDRAWN,2026-09-20 10:50:08.798191+00
VIGENTRA-TRAFFIC-AHM-R14,REC-R14,traffic_vms_local,Recorded feed - Ahmedabad CAM14,fixed,Traffic Police,Ahmedabad Traffic Control Room,Ahmedabad,Ahmedabad,Grid camera cam14 (recording),23.0476,72.5626,Traffic VMS Demo,GTP-VMS,1280x720,25,H.264,7,2026-09-14,DECOMMISSIONED,DECOMMISSIONED,unavailable,2026-09-14 14:00:26.404378+00,f,WITHDRAWN,2026-09-20 10:50:08.799262+00
VIGENTRA-TRAFFIC-AHM-R15,REC-R15,traffic_vms_local,Recorded feed - Ahmedabad CAM15,fixed,Traffic Police,Ahmedabad Traffic Control Room,Ahmedabad,Ahmedabad,Grid camera cam15 (recording),23.01528,72.559772,Traffic VMS Demo,GTP-VMS,1280x720,25,H.264,7,2026-09-14,DECOMMISSIONED,DECOMMISSIONED,unavailable,2026-09-14 14:00:26.409746+00,f,WITHDRAWN,2026-09-20 10:50:08.800329+00
VIGENTRA-TRAFFIC-AHM-R16,REC-R16,traffic_vms_local,Recorded feed - Ahmedabad CAM16,fixed,Traffic Police,Ahmedabad Traffic Control Room,Ahmedabad,Ahmedabad,Grid camera cam16 (recording),23.1041,72.5886,Traffic VMS Demo,GTP-VMS,1280x720,25,H.264,7,2026-09-14,DECOMMISSIONED,DECOMMISSIONED,unavailable,2026-09-14 14:00:26.368416+00,f,WITHDRAWN,2026-09-20 10:50:08.801402+00
VIGENTRA-TRAFFIC-BHA-C06A,REC-C06A,traffic_vms_local,Bhavnagar CAM06 - Vigentra ANPR output (recorded),fixed,Traffic Police,Bhavnagar Traffic Control Room,Bhavnagar,Ahmedabad,Grid camera cam06 (recording),21.770369,72.14654,Traffic VMS Demo,GTP-VMS,1280x720,25,H.264,7,2026-09-14,DECOMMISSIONED,DECOMMISSIONED,unavailable,2026-09-14 16:54:22.406242+00,f,WITHDRAWN,2026-09-20 10:50:08.832664+00
VIGENTRA-TRAFFIC-BHA-R06,REC-R06,traffic_vms_local,Recorded feed - Bhavnagar CAM06,fixed,Traffic Police,Bhavnagar Traffic Control Room,Bhavnagar,Ahmedabad,Grid camera cam06 (recording),21.770369,72.14654,Traffic VMS Demo,GTP-VMS,1280x720,25,H.264,7,2026-09-14,DECOMMISSIONED,DECOMMISSIONED,unavailable,2026-09-14 14:00:26.383562+00,f,WITHDRAWN,2026-09-20 10:50:08.790171+00
VIGENTRA-TRAFFIC-GAN-R12,REC-R12,traffic_vms_local,Recorded feed - Gandhinagar CAM12,fixed,Traffic Police,Gandhinagar Traffic Control Room,Gandhinagar,Ahmedabad,Grid camera cam12 (recording),23.165292,72.582705,Traffic VMS Demo,GTP-VMS,1280x720,25,H.264,7,2026-09-14,DECOMMISSIONED,DECOMMISSIONED,unavailable,2026-09-14 14:00:26.448508+00,f,WITHDRAWN,2026-09-20 10:50:08.797073+00
VIGENTRA-TRAFFIC-GIR-R07,REC-R07,traffic_vms_local,Recorded feed - Gir Somnath CAM07,fixed,Traffic Police,Gir Somnath Traffic Control Room,Gir Somnath,Ahmedabad,Grid camera cam07 (recording),20.9106,70.3676,Traffic VMS Demo,GTP-VMS,1280x720,25,H.264,7,2026-09-14,DECOMMISSIONED,DECOMMISSIONED,unavailable,2026-09-14 14:00:26.43933+00,f,WITHDRAWN,2026-09-20 10:50:08.791484+00
VIGENTRA-TRAFFIC-JUN-R08,REC-R08,traffic_vms_local,Recorded feed - Junagadh CAM08,fixed,Traffic Police,Junagadh Traffic Control Room,Junagadh,Ahmedabad,Grid camera cam08 (recording),21.5176,70.4676,Traffic VMS Demo,GTP-VMS,1280x720,25,H.264,7,2026-09-14,DECOMMISSIONED,DECOMMISSIONED,unavailable,2026-09-14 14:00:26.371993+00,f,WITHDRAWN,2026-09-20 10:50:08.79265+00
VIGENTRA-TRAFFIC-JUN-R09,REC-R09,traffic_vms_local,Recorded feed - Junagadh CAM09,fixed,Traffic Police,Junagadh Traffic Control Room,Junagadh,Ahmedabad,Grid camera cam09 (recording),21.497347,70.403076,Traffic VMS Demo,GTP-VMS,1280x720,25,H.264,7,2026-09-14,DECOMMISSIONED,DECOMMISSIONED,unavailable,2026-09-14 14:00:26.44451+00,f,WITHDRAWN,2026-09-20 10:50:08.793766+00
VIGENTRA-TRAFFIC-JUN-R10,REC-R10,traffic_vms_local,Recorded feed - Junagadh CAM10,fixed,Traffic Police,Junagadh Traffic Control Room,Junagadh,Ahmedabad,Grid camera cam10 (recording),21.5191,70.4606,Traffic VMS Demo,GTP-VMS,1280x720,25,H.264,7,2026-09-14,DECOMMISSIONED,DECOMMISSIONED,unavailable,2026-09-14 14:00:26.380034+00,f,WITHDRAWN,2026-09-20 10:50:08.794856+00
VIGENTRA-TRAFFIC-JUN-R11,REC-R11,traffic_vms_local,Recorded feed - Junagadh CAM11,fixed,Traffic Police,Junagadh Traffic Control Room,Junagadh,Ahmedabad,Grid camera cam11 (recording),21.559357,70.466522,Traffic VMS Demo,GTP-VMS,1280x720,25,H.264,7,2026-09-14,DECOMMISSIONED,DECOMMISSIONED,unavailable,2026-09-14 14:00:26.377141+00,f,WITHDRAWN,2026-09-20 10:50:08.795982+00
VIGENTRA-TRAFFIC-KUT-R23,REC-R23,traffic_vms_local,Recorded feed - Kutch CAM23,fixed,Traffic Police,Kutch Traffic Control Room,Kutch,Ahmedabad,Grid camera cam23 (recording),23.076003,70.091451,Traffic VMS Demo,GTP-VMS,1280x720,25,H.264,7,2026-09-14,DECOMMISSIONED,DECOMMISSIONED,unavailable,2026-09-14 14:00:26.453832+00,f,WITHDRAWN,2026-09-20 10:50:08.805949+00
VIGENTRA-TRAFFIC-LON-J01,TFL-J01,traffic_vms_local,TfL JamCam - Maida Vale/St Johns Wood Rd (London),fixed,Traffic Police,Demo feeds (public TfL cameras),London,Ahmedabad,Maida Vale/St Johns Wood Rd,51.5258,-0.17829,Traffic VMS Demo,GTP-VMS,352x288,25,H.264,1,2026-09-14,COMMISSIONED,SYNCHRONIZED,online,2026-09-27 16:37:28.47159+00,t,SYNCHRONIZED,2026-09-20 10:50:08.807057+00
VIGENTRA-TRAFFIC-LON-J02,TFL-J02,traffic_vms_local,TfL JamCam - Pettman Crescent/Western Way (London),fixed,Traffic Police,Demo feeds (public TfL cameras),London,Ahmedabad,Pettman Crescent/Western Way,51.4926,0.08607,Traffic VMS Demo,GTP-VMS,352x288,25,H.264,1,2026-09-14,COMMISSIONED,SYNCHRONIZED,online,2026-09-27 16:37:28.553309+00,t,SYNCHRONIZED,2026-09-20 10:50:08.808407+00
VIGENTRA-TRAFFIC-LON-J03,TFL-J03,traffic_vms_local,TfL JamCam - Stanstead Rd/Blythe Hill Lane (London),fixed,Traffic Police,Demo feeds (public TfL cameras),London,Ahmedabad,Stanstead Rd/Blythe Hill Lane,51.4422,-0.03345,Traffic VMS Demo,GTP-VMS,352x288,25,H.264,1,2026-09-14,COMMISSIONED,SYNCHRONIZED,online,2026-09-27 16:37:28.523143+00,t,SYNCHRONIZED,2026-09-20 10:50:08.809574+00
VIGENTRA-TRAFFIC-LON-J04,TFL-J04,traffic_vms_local,TfL JamCam - A4 Cromwell Rd/Gloucester Rd (London),fixed,Traffic Police,Demo feeds (public TfL cameras),London,Ahmedabad,A4 Cromwell Rd/Gloucester Rd,51.4951,-0.18254,Traffic VMS Demo,GTP-VMS,352x288,25,H.264,1,2026-09-14,COMMISSIONED,SYNCHRONIZED,online,2026-09-27 16:37:28.586853+00,t,SYNCHRONIZED,2026-09-20 10:50:08.810781+00
VIGENTRA-TRAFFIC-LON-J05,TFL-J05,traffic_vms_local,TfL JamCam - A23 Streatham H Rd/Greyhound Ln (London),fixed,Traffic Police,Demo feeds (public TfL cameras),London,Ahmedabad,A23 Streatham H Rd/Greyhound Ln,51.422,-0.12926,Traffic VMS Demo,GTP-VMS,352x288,25,H.264,1,2026-09-14,COMMISSIONED,SYNCHRONIZED,online,2026-09-27 16:37:28.617076+00,t,SYNCHRONIZED,2026-09-20 10:50:08.81193+00
VIGENTRA-TRAFFIC-LON-J06,TFL-J06,traffic_vms_local,TfL JamCam - Eltham Rd/Leyland Rd (London),fixed,Traffic Police,Demo feeds (public TfL cameras),London,Ahmedabad,Eltham Rd/Leyland Rd,51.4559,0.01302,Traffic VMS Demo,GTP-VMS,352x288,25,H.264,1,2026-09-14,COMMISSIONED,SYNCHRONIZED,online,2026-09-27 16:37:28.518001+00,t,SYNCHRONIZED,2026-09-20 10:50:08.813051+00
VIGENTRA-TRAFFIC-LON-J07,TFL-J07,traffic_vms_local,TfL JamCam - A21 London Rd/Tweedy Rd (London),fixed,Traffic Police,Demo feeds (public TfL cameras),London,Ahmedabad,A21 London Rd/Tweedy Rd,51.4089,0.01086,Traffic VMS Demo,GTP-VMS,352x288,25,H.264,1,2026-09-14,COMMISSIONED,SYNCHRONIZED,online,2026-09-27 16:37:28.490088+00,t,SYNCHRONIZED,2026-09-20 10:50:08.814175+00
VIGENTRA-TRAFFIC-LON-J08,TFL-J08,traffic_vms_local,TfL JamCam - Falloden Way/Northway/Hill Rise (London),fixed,Traffic Police,Demo feeds (public TfL cameras),London,Ahmedabad,Falloden Way/Northway/Hill Rise,51.5858,-0.18285,Traffic VMS Demo,GTP-VMS,352x288,25,H.264,1,2026-09-14,COMMISSIONED,SYNCHRONIZED,online,2026-09-27 16:37:28.686447+00,t,SYNCHRONIZED,2026-09-20 10:50:08.81532+00
VIGENTRA-TRAFFIC-LON-J09,TFL-J09,traffic_vms_local,TfL JamCam - A10 Grt Cambridge Rd/Devonshire H Ln (London),fixed,Traffic Police,Demo feeds (public TfL cameras),London,Ahmedabad,A10 Grt Cambridge Rd/Devonshire H Ln,51.6067,-0.08554,Traffic VMS Demo,GTP-VMS,352x288,25,H.264,1,2026-09-14,COMMISSIONED,SYNCHRONIZED,online,2026-09-27 16:37:28.632994+00,t,SYNCHRONIZED,2026-09-20 10:50:08.8164+00
VIGENTRA-TRAFFIC-LON-J10,TFL-J10,traffic_vms_local,TfL JamCam - Caledonian R/Caledonia S (London),fixed,Traffic Police,Demo feeds (public TfL cameras),London,Ahmedabad,Caledonian R/Caledonia S,51.5318,-0.12093,Traffic VMS Demo,GTP-VMS,352x288,25,H.264,1,2026-09-14,COMMISSIONED,SYNCHRONIZED,online,2026-09-27 16:37:28.444147+00,t,SYNCHRONIZED,2026-09-20 10:50:08.817471+00
VIGENTRA-TRAFFIC-LON-J11,TFL-J11,traffic_vms_local,TfL JamCam - Old Kent Rd/Albany Rd (London),fixed,Traffic Police,Demo feeds (public TfL cameras),London,Ahmedabad,Old Kent Rd/Albany Rd,51.4881,-0.07669,Traffic VMS Demo,GTP-VMS,352x288,25,H.264,1,2026-09-14,COMMISSIONED,SYNCHRONIZED,online,2026-09-27 16:37:28.461794+00,t,SYNCHRONIZED,2026-09-20 10:50:08.818611+00
VIGENTRA-TRAFFIC-LON-J12,TFL-J12,traffic_vms_local,TfL JamCam - Twickenham Rd/St Johns Grove (London),fixed,Traffic Police,Demo feeds (public TfL cameras),London,Ahmedabad,Twickenham Rd/St Johns Grove,51.465,-0.30139,Traffic VMS Demo,GTP-VMS,352x288,25,H.264,1,2026-09-14,COMMISSIONED,SYNCHRONIZED,online,2026-09-27 16:37:28.680687+00,t,SYNCHRONIZED,2026-09-20 10:50:08.819758+00
VIGENTRA-TRAFFIC-LON-J13,TFL-J13,traffic_vms_local,TfL JamCam - A4 Bath Rd/The Avenue (London),fixed,Traffic Police,Demo feeds (public TfL cameras),London,Ahmedabad,A4 Bath Rd/The Avenue,51.48,-0.4118,Traffic VMS Demo,GTP-VMS,352x288,25,H.264,1,2026-09-14,COMMISSIONED,SYNCHRONIZED,online,2026-09-27 16:37:28.53252+00,t,SYNCHRONIZED,2026-09-20 10:50:08.820862+00
VIGENTRA-TRAFFIC-LON-J14,TFL-J14,traffic_vms_local,TfL JamCam - Vauxhall Brd Rd/Drummond Gt (London),fixed,Traffic Police,Demo feeds (public TfL cameras),London,Ahmedabad,Vauxhall Brd Rd/Drummond Gt,51.4897,-0.13145,Traffic VMS Demo,GTP-VMS,352x288,25,H.264,1,2026-09-14,COMMISSIONED,SYNCHRONIZED,online,2026-09-27 16:37:28.648432+00,t,SYNCHRONIZED,2026-09-20 10:50:08.822141+00
VIGENTRA-TRAFFIC-LON-J15,TFL-J15,traffic_vms_local,TfL JamCam - A24 Morden Rd/Merantun Way (London),fixed,Traffic Police,Demo feeds (public TfL cameras),London,Ahmedabad,A24 Morden Rd/Merantun Way,51.4135,-0.19269,Traffic VMS Demo,GTP-VMS,352x288,25,H.264,1,2026-09-14,COMMISSIONED,SYNCHRONIZED,online,2026-09-27 16:37:28.509522+00,t,SYNCHRONIZED,2026-09-20 10:50:08.824653+00
VIGENTRA-TRAFFIC-LON-J16,TFL-J16,traffic_vms_local,TfL JamCam - A23 Brixton Rd/Wynne Rd (London),fixed,Traffic Police,Demo feeds (public TfL cameras),London,Ahmedabad,A23 Brixton Rd/Wynne Rd,51.4692,-0.1125,Traffic VMS Demo,GTP-VMS,352x288,25,H.264,1,2026-09-14,COMMISSIONED,SYNCHRONIZED,online,2026-09-27 16:37:28.668819+00,t,SYNCHRONIZED,2026-09-20 10:50:08.826826+00
VIGENTRA-TRAFFIC-LON-J17,TFL-J17,traffic_vms_local,TfL JamCam - A40 Western Ave/Gibbon Rd (London),fixed,Traffic Police,Demo feeds (public TfL cameras),London,Ahmedabad,A40 Western Ave/Gibbon Rd,51.5149,-0.25655,Traffic VMS Demo,GTP-VMS,352x288,25,H.264,1,2026-09-14,COMMISSIONED,SYNCHRONIZED,online,2026-09-27 16:37:28.578227+00,t,SYNCHRONIZED,2026-09-20 10:50:08.828191+00
VIGENTRA-TRAFFIC-LON-J18,TFL-J18,traffic_vms_local,TfL JamCam - A3 Clapham Rd/Elias Place (London),fixed,Traffic Police,Demo feeds (public TfL cameras),London,Ahmedabad,A3 Clapham Rd/Elias Place,51.4808,-0.11356,Traffic VMS Demo,GTP-VMS,352x288,25,H.264,1,2026-09-14,COMMISSIONED,SYNCHRONIZED,online,2026-09-27 16:37:28.597532+00,t,SYNCHRONIZED,2026-09-20 10:50:08.830027+00
VIGENTRA-TRAFFIC-LON-J19,TFL-J19,traffic_vms_local,TfL JamCam - Borough High St/Grt Dover St (London),fixed,Traffic Police,Demo feeds (public TfL cameras),London,Ahmedabad,Borough High St/Grt Dover St,51.5011,-0.09317,Traffic VMS Demo,GTP-VMS,352x288,25,H.264,1,2026-09-14,COMMISSIONED,SYNCHRONIZED,online,2026-09-27 16:37:28.674389+00,t,SYNCHRONIZED,2026-09-20 10:50:08.831467+00
VIGENTRA-TRAFFIC-NAV-CAM19,REC-CAM19,traffic_vms_local,Recorded feed - Navsari CAM19,fixed,Traffic Police,Navsari Traffic Control Room,Navsari,Ahmedabad,Grid camera cam19 (recording),20.8306,72.9906,Traffic VMS Demo,GTP-VMS,1280x720,25,H.264,7,2026-09-14,DECOMMISSIONED,DECOMMISSIONED,unavailable,2026-09-14 14:00:26.387451+00,f,WITHDRAWN,2026-09-20 10:50:08.804863+00
VIGENTRA-TRAFFIC-RAJ-CAM17,REC-CAM17,traffic_vms_local,Recorded feed - Rajkot CAM17,fixed,Traffic Police,Rajkot Traffic Control Room,Rajkot,Ahmedabad,Grid camera cam17 (recording),22.296099,70.79955,Traffic VMS Demo,GTP-VMS,1280x720,25,H.264,7,2026-09-14,DECOMMISSIONED,DECOMMISSIONED,unavailable,2026-09-14 14:00:26.391428+00,f,WITHDRAWN,2026-09-20 10:50:08.802561+00
VIGENTRA-TRAFFIC-RAJ-CAM18,REC-CAM18,traffic_vms_local,Recorded feed - Rajkot CAM18,fixed,Traffic Police,Rajkot Traffic Control Room,Rajkot,Ahmedabad,Grid camera cam18 (recording),22.3045,70.8028,Traffic VMS Demo,GTP-VMS,1280x720,25,H.264,7,2026-09-14,DECOMMISSIONED,DECOMMISSIONED,unavailable,2026-09-14 14:00:26.396152+00,f,WITHDRAWN,2026-09-20 10:50:08.803739+00
