vehicle_id,frame,engine_frame,timestamp_s,x1,y1,x2,y2,width,height,area,aspect,band,det_conf,two_row,sharpness_lap,tenengrad,brightness,contrast,blur_extent,skew_deg,dark_frac,bloom_frac,quality,ocr_text,ocr_conf,ocr_readers
cam15_s0_t14,131,131,5.24,356.8,384.5,393.7,408.7,36.9,24.1,892,1.53,VERY_SMALL,0.253,1,13.1,3060.2,111.3,48.9,3.37,0.0,0.0,0.002,0.563,,0.0,
cam15_s0_t63,365,365,14.6,356.6,384.6,393.9,412.9,37.3,28.3,1054,1.32,VERY_SMALL,0.208,1,13.1,2951.9,116.5,50.0,2.63,0.0,0.0,0.005,0.568,,0.0,
cam15_s0_t63,448,448,17.92,356.7,384.8,395.1,411.0,38.3,26.2,1006,1.46,VERY_SMALL,0.203,1,17.4,3447.5,114.8,47.8,2.66,0.0,0.0,0.007,0.574,,0.0,
cam15_s0_t63,451,451,18.04,357.0,384.1,394.5,412.6,37.5,28.5,1068,1.32,VERY_SMALL,0.246,1,16.8,3439.1,116.6,50.1,1.96,0.0,0.0,0.015,0.576,,0.0,
cam15_s0_t63,452,452,18.08,356.3,384.3,394.9,413.3,38.6,29.0,1119,1.33,VERY_SMALL,0.243,1,16.9,3356.5,113.5,47.5,1.93,0.0,0.0,0.011,0.582,,0.0,
cam15_s0_t63,455,455,18.2,357.1,384.6,394.3,412.7,37.2,28.1,1046,1.32,VERY_SMALL,0.26,1,15.4,3232.6,114.6,48.3,2.05,0.0,0.0,0.011,0.572,,0.0,
cam15_s0_t63,476,476,19.04,356.7,384.5,394.2,410.7,37.5,26.2,982,1.43,VERY_SMALL,0.227,1,15.6,3242.6,112.5,49.3,2.79,0.0,0.0,0.011,0.566,,0.0,
cam15_s0_t63,486,486,19.44,356.6,384.0,397.2,412.9,40.5,28.9,1173,1.4,SMALL,0.267,1,19.0,3454.1,108.8,47.4,2.53,0.0,0.0,0.01,0.591,,0.0,
cam15_s0_t78,637,637,25.48,433.6,457.9,453.9,471.5,20.4,13.6,277,1.5,VERY_SMALL,0.21,1,4.0,1901.8,191.0,62.3,4.38,0.0,0.0,0.032,0.454,,0.0,
cam15_s0_t78,639,639,25.56,433.4,457.5,453.7,471.3,20.3,13.7,279,1.48,VERY_SMALL,0.259,1,4.2,1961.6,187.9,64.1,6.09,0.0,0.0,0.029,0.445,,0.0,
cam15_s0_t54,820,820,32.8,757.4,532.3,785.0,549.3,27.6,17.0,469,1.62,VERY_SMALL,0.214,1,6.6,2288.2,173.3,64.3,4.05,0.0,0.0,0.024,0.497,,0.0,
cam15_s0_t54,821,821,32.84,757.4,532.3,785.0,549.3,27.6,17.0,469,1.62,VERY_SMALL,0.217,1,6.6,2288.2,173.3,64.3,4.05,0.0,0.0,0.024,0.497,,0.0,
cam15_s0_t54,822,822,32.88,757.4,532.4,785.0,549.3,27.6,17.0,468,1.62,VERY_SMALL,0.22,1,6.6,2288.2,173.3,64.3,4.05,0.0,0.0,0.024,0.497,,0.0,
cam15_s0_t54,823,823,32.92,757.4,532.4,784.9,549.3,27.6,16.9,467,1.63,VERY_SMALL,0.226,1,6.6,2285.8,173.3,64.3,4.05,0.0,0.0,0.024,0.497,,0.0,
cam15_s0_t54,826,826,33.04,757.1,532.4,784.6,549.0,27.5,16.6,457,1.66,VERY_SMALL,0.314,1,6.8,2327.4,176.6,63.9,4.27,0.0,0.0,0.024,0.495,,0.0,
cam15_s0_t54,827,827,33.08,757.1,532.4,784.6,549.0,27.5,16.6,457,1.66,VERY_SMALL,0.314,1,6.8,2327.4,176.6,63.9,4.27,0.0,0.0,0.024,0.495,,0.0,
cam15_s0_t54,828,828,33.12,757.1,532.4,784.6,549.0,27.5,16.6,457,1.66,VERY_SMALL,0.314,1,6.8,2327.4,176.6,63.9,4.27,0.0,0.0,0.024,0.495,,0.0,
cam15_s0_t54,829,829,33.16,757.1,532.4,784.6,549.0,27.5,16.6,457,1.66,VERY_SMALL,0.314,1,6.8,2327.4,176.6,63.9,4.27,0.0,0.0,0.024,0.495,,0.0,
cam15_s0_t54,830,830,33.2,757.1,532.4,784.6,549.0,27.5,16.6,457,1.66,VERY_SMALL,0.314,1,6.8,2327.4,176.6,63.9,4.27,0.0,0.0,0.024,0.495,,0.0,
cam15_s0_t54,831,831,33.24,757.4,532.4,784.9,549.4,27.5,17.0,467,1.62,VERY_SMALL,0.222,1,6.6,2284.2,173.4,64.3,4.05,0.0,0.0,0.024,0.497,,0.0,
cam15_s0_t54,832,832,33.28,757.0,532.4,784.7,549.5,27.7,17.1,475,1.62,VERY_SMALL,0.245,1,7.2,2411.0,174.0,65.5,3.83,0.0,0.0,0.023,0.503,,0.0,
cam15_s0_t54,833,833,33.32,757.0,532.4,784.7,549.5,27.7,17.1,475,1.62,VERY_SMALL,0.247,1,7.2,2411.0,174.0,65.5,3.83,0.0,0.0,0.023,0.503,,0.0,
cam15_s0_t54,834,834,33.36,757.0,532.1,784.9,549.5,28.0,17.4,485,1.61,VERY_SMALL,0.213,1,8.4,2639.3,174.0,64.7,3.44,0.0,0.0,0.023,0.508,,0.0,
cam15_s0_t54,835,835,33.4,757.0,532.3,784.8,549.3,27.8,17.0,472,1.63,VERY_SMALL,0.268,1,7.2,2411.0,174.0,65.5,3.83,0.0,0.0,0.023,0.503,,0.0,
cam15_s0_t54,836,836,33.44,757.0,532.3,784.8,549.3,27.8,17.0,472,1.63,VERY_SMALL,0.268,1,7.2,2411.0,174.0,65.5,3.83,0.0,0.0,0.023,0.503,,0.0,
cam15_s0_t54,837,837,33.48,757.0,532.3,784.8,549.3,27.8,17.0,472,1.63,VERY_SMALL,0.266,1,7.2,2411.0,174.0,65.5,3.83,0.0,0.0,0.023,0.503,,0.0,
cam15_s0_t54,838,838,33.52,757.0,532.3,784.8,549.3,27.8,17.0,472,1.63,VERY_SMALL,0.266,1,7.2,2411.0,174.0,65.5,3.83,0.0,0.0,0.023,0.503,,0.0,
cam15_s0_t54,839,839,33.56,757.0,532.3,784.9,549.3,27.8,17.0,474,1.63,VERY_SMALL,0.264,1,7.2,2410.4,174.0,65.5,3.78,0.0,0.0,0.023,0.504,,0.0,
cam15_s0_t54,840,840,33.6,757.0,532.3,784.9,549.3,27.8,17.0,474,1.63,VERY_SMALL,0.269,1,7.2,2410.4,174.0,65.6,3.77,0.0,0.0,0.023,0.504,,0.0,
cam15_s0_t54,841,841,33.64,756.9,532.1,785.1,549.6,28.2,17.5,493,1.61,VERY_SMALL,0.367,1,8.4,2648.0,174.2,65.3,3.34,0.0,0.0,0.023,0.508,,0.0,
cam15_s0_t54,842,842,33.68,756.7,532.1,785.1,549.6,28.4,17.5,496,1.63,VERY_SMALL,0.379,1,8.4,2648.0,174.2,65.3,3.34,0.0,0.0,0.023,0.508,,0.0,
cam15_s0_t54,843,843,33.72,756.7,532.1,785.1,549.6,28.4,17.5,496,1.63,VERY_SMALL,0.379,1,8.4,2648.0,174.2,65.3,3.34,0.0,0.0,0.023,0.508,,0.0,
cam15_s0_t54,844,844,33.76,756.7,532.1,785.1,549.6,28.4,17.5,496,1.63,VERY_SMALL,0.379,1,8.4,2648.0,174.2,65.3,3.34,0.0,0.0,0.023,0.508,,0.0,
cam15_s0_t54,845,845,33.8,757.4,532.4,784.5,548.6,27.1,16.1,437,1.68,VERY_SMALL,0.23,1,6.3,2283.6,184.6,66.3,3.39,0.0,0.0,0.104,0.466,,0.0,
cam15_s0_t54,856,856,34.24,757.2,532.9,785.0,548.9,27.8,16.1,447,1.73,VERY_SMALL,0.227,1,7.1,2405.4,182.4,63.9,3.61,0.0,0.0,0.09,0.478,,0.0,
cam15_s0_t54,857,857,34.28,757.2,532.9,785.0,548.9,27.8,16.1,447,1.73,VERY_SMALL,0.223,1,7.1,2405.4,182.4,63.9,3.61,0.0,0.0,0.09,0.478,,0.0,
cam15_s0_t54,858,858,34.32,757.2,532.9,785.0,548.9,27.8,16.1,447,1.73,VERY_SMALL,0.214,1,7.1,2405.4,182.4,63.9,3.61,0.0,0.0,0.09,0.478,,0.0,
cam15_s0_t54,861,861,34.44,757.4,533.0,784.8,549.1,27.4,16.1,442,1.7,VERY_SMALL,0.335,1,6.5,2252.3,178.7,66.1,3.99,0.0,0.0,0.088,0.472,,0.0,
cam15_s0_t54,862,862,34.48,757.4,533.0,784.8,549.1,27.4,16.1,442,1.7,VERY_SMALL,0.348,1,6.5,2252.3,178.7,66.1,3.99,0.0,0.0,0.088,0.472,,0.0,
cam15_s0_t54,863,863,34.52,757.4,533.0,784.8,549.1,27.4,16.1,442,1.7,VERY_SMALL,0.347,1,6.5,2252.3,178.7,66.1,3.99,0.0,0.0,0.088,0.472,,0.0,
cam15_s0_t54,864,864,34.56,757.4,533.0,784.8,549.1,27.4,16.1,442,1.7,VERY_SMALL,0.347,1,6.5,2252.3,178.7,66.1,3.99,0.0,0.0,0.088,0.472,,0.0,
cam15_s0_t54,867,867,34.68,757.4,533.3,784.4,548.6,27.0,15.3,413,1.76,VERY_SMALL,0.206,1,6.3,2159.5,185.3,65.3,4.23,0.0,0.0,0.099,0.461,,0.0,
cam15_s0_t54,869,869,34.76,757.4,533.3,784.4,548.6,26.9,15.3,412,1.76,VERY_SMALL,0.228,1,6.3,2159.5,185.3,65.3,4.23,0.0,0.0,0.099,0.461,,0.0,
cam15_s0_t54,870,870,34.8,757.4,533.3,784.4,548.6,26.9,15.3,412,1.76,VERY_SMALL,0.238,1,6.3,2159.9,185.3,65.3,4.23,0.0,0.0,0.099,0.461,,0.0,
cam15_s0_t54,871,871,34.84,757.4,533.3,784.4,548.6,26.9,15.3,412,1.76,VERY_SMALL,0.239,1,6.3,2159.9,185.3,65.3,4.23,0.0,0.0,0.099,0.461,,0.0,
cam15_s0_t54,872,872,34.88,757.4,533.3,784.4,548.6,26.9,15.3,412,1.76,VERY_SMALL,0.24,1,6.3,2159.9,185.3,65.3,4.23,0.0,0.0,0.099,0.461,,0.0,
cam15_s0_t54,873,873,34.92,757.4,533.3,784.4,548.6,26.9,15.3,412,1.76,VERY_SMALL,0.241,1,6.3,2159.9,185.3,65.3,4.23,0.0,0.0,0.099,0.461,,0.0,
cam15_s0_t54,874,874,34.96,757.4,533.3,784.4,548.6,26.9,15.3,412,1.76,VERY_SMALL,0.242,1,6.3,2159.9,185.3,65.3,4.23,0.0,0.0,0.099,0.461,,0.0,
cam15_s0_t54,875,875,35.0,757.0,532.7,784.8,549.1,27.8,16.5,457,1.69,VERY_SMALL,0.426,1,7.0,2371.6,179.3,67.3,3.66,0.0,0.0,0.087,0.479,,0.0,
cam15_s0_t70,910,910,36.4,434.1,458.1,454.1,470.4,20.0,12.4,248,1.61,EXTREMELY_TINY,0.203,1,6.0,2904.9,160.6,68.2,3.74,3.2,0.0,0.011,0.464,,0.0,
