clip,plate,present,score,track,paddle_edits,baseline_exact,baseline_match
cam01,GJ03EL4466,False,-5.176,00048_s0_t98,10,False,False
cam01,GJ03ZL9466,False,-5.08,00048_s0_t98,10,False,False
cam01,GJ05CS1117,False,-4.416,00048_s0_t98,9,False,False
cam01,GJ05CS1217,False,-4.389,00048_s0_t98,9,False,False
cam01,GJ05CS1897,False,-4.476,00048_s0_t98,9,False,False
cam01,GJ05CS7117,False,-4.512,00048_s0_t98,9,False,False
cam01,GJ10CL7598,False,-4.6,00048_s0_t98,10,False,False
cam01,GJ10DB6063,False,-4.961,00048_s0_t98,10,False,False
cam01,GJ10SA3377,False,-4.624,00062_s0_t113,10,False,False
cam01,GJ10VV7968,False,-5.513,00048_s0_t98,10,False,False
cam01,GJ11BH6324,False,-4.056,00048_s0_t98,9,False,False
cam01,GJ11BH6725,False,-4.229,00048_s0_t98,9,False,False
cam01,GJ11BK6399,False,-4.385,00048_s0_t98,9,False,False
cam01,GJ11BR5399,False,-3.876,00048_s0_t98,9,False,False
cam01,GJ11CD1448,False,-4.711,00048_s0_t98,9,False,False
cam01,GJ11CD3844,False,-4.912,00048_s0_t98,9,False,False
cam01,GJ11CH3002,False,-4.144,00048_s0_t98,9,False,False
cam01,GJ11CH6002,False,-4.256,00048_s0_t98,9,False,False
cam01,GJ11CH7598,False,-3.93,00048_s0_t98,9,False,False
cam01,GJ11CX8448,False,-4.73,00048_s0_t98,9,False,False
cam01,GJ11CZ7598,False,-3.996,00048_s0_t98,9,False,False
cam01,GJ11DB0063,False,-4.65,00048_s0_t98,9,False,False
cam01,GJ11DB3045,False,-4.8,00048_s0_t98,9,False,False
cam01,GJ11DB3063,False,-4.457,00048_s0_t98,9,False,False
cam01,GJ11MH7599,False,-5.013,00048_s0_t98,9,False,False
cam01,GJ11VV7988,False,-5.125,00048_s0_t98,9,False,False
cam01,GJ11YL3063,False,-4.908,00048_s0_t98,9,False,False
cam01,GJ13AW0332,False,-4.644,00048_s0_t98,9,False,False
cam01,GJ13AW0739,False,-4.825,00048_s0_t98,9,False,False
cam01,GJ13AW4739,False,-4.954,00048_s0_t98,9,False,False
cam01,GJ14BA3377,False,-3.898,00062_s0_t113,10,False,False
cam01,GJ14BA7977,False,-4.552,00062_s0_t113,10,False,False
cam01,GJ14LA3977,False,-4.948,00062_s0_t113,10,False,False
cam01,GJ14PA8377,False,-5.125,00062_s0_t113,10,False,False
cam01,GJ16AA3377,False,-4.359,00062_s0_t113,10,False,False
cam01,GJ17BR5391,False,-4.145,00048_s0_t98,9,False,False
cam01,GJ18BC0710,False,-4.781,00048_s0_t98,8,False,False
cam01,GJ18EC0510,False,-5.215,00062_s0_t113,8,False,False
cam01,GJ18EC0562,False,-5.204,00048_s0_t98,9,False,False
cam01,GJ18EC0590,False,-5.096,00048_s0_t98,9,False,False
cam01,GJ19CD5844,False,-5.28,00048_s0_t98,9,False,False
cam01,GJ1KE6061,False,-7.192,00062_s0_t113,8,False,False
cam01,GJ1KR6061,False,-7.098,00062_s0_t113,8,False,False
cam01,GJ1KU6061,False,-7.194,00062_s0_t113,8,False,False
cam01,GJ1KY6361,False,-6.43,00062_s0_t113,8,False,False
cam01,GJ32AG0416,False,-5.022,00048_s0_t98,8,False,False
cam01,GJ32AG9216,False,-4.508,00048_s0_t98,8,False,False
cam01,GJ32T2052,False,-2.157,00048_s0_t98,9,False,False
cam01,GJ37T9052,False,-2.505,00048_s0_t98,9,False,False
cam01,GJ39BH6725,False,-4.852,00048_s0_t98,10,False,False
cam01,GJ63AW0039,False,-8.081,00048_s0_t98,9,False,False
cam01,GJ71BH8725,False,-7.523,00048_s0_t98,9,False,False
cam01,GJ9KR6011,False,-8.033,00062_s0_t113,8,False,False
cam01,RJ22TA3407,False,-8.54,00048_s0_t98,9,False,False
cam01,RJ24TA3407,False,-9.397,00062_s0_t113,10,False,False
cam01,RJ24TA3897,False,-9.188,00048_s0_t98,8,False,False
cam02,GJ03EL4466,False,-14.338,00031_s0_t233,10,False,False
cam02,GJ03ZL9466,False,-14.45,00031_s0_t233,10,False,False
cam02,GJ05CS1117,False,-12.405,00031_s0_t233,9,False,False
cam02,GJ05CS1217,False,-12.244,00031_s0_t233,9,False,False
cam02,GJ05CS1897,False,-13.096,00031_s0_t233,9,False,False
cam02,GJ05CS7117,False,-12.413,00031_s0_t233,9,False,False
cam02,GJ10CL7598,False,-13.876,00031_s0_t233,9,False,False
cam02,GJ10DB6063,False,-14.167,00031_s0_t233,9,False,False
cam02,GJ10SA3377,False,-12.182,00031_s0_t233,9,False,False
cam02,GJ10VV7968,False,-14.511,00031_s0_t233,9,False,False
cam02,GJ11BH6324,False,-13.024,00031_s0_t233,9,False,False
cam02,GJ11BH6725,False,-13.192,00031_s0_t233,9,False,False
cam02,GJ11BK6399,False,-13.946,00031_s0_t233,9,False,False
cam02,GJ11BR5399,False,-14.182,00031_s0_t233,9,False,False
cam02,GJ11CD1448,False,-13.685,00031_s0_t233,9,False,False
cam02,GJ11CD3844,False,-13.664,00031_s0_t233,9,False,False
cam02,GJ11CH3002,False,-13.441,00031_s0_t233,9,False,False
cam02,GJ11CH6002,False,-13.703,00031_s0_t233,9,False,False
cam02,GJ11CH7598,False,-13.314,00031_s0_t233,9,False,False
cam02,GJ11CX8448,False,-14.022,00031_s0_t233,9,False,False
cam02,GJ11CZ7598,False,-13.496,00031_s0_t233,9,False,False
cam02,GJ11DB0063,False,-14.606,00031_s0_t233,9,False,False
cam02,GJ11DB3045,False,-14.253,00031_s0_t233,9,False,False
cam02,GJ11DB3063,False,-14.006,00031_s0_t233,9,False,False
cam02,GJ11MH7599,False,-14.18,00031_s0_t233,9,False,False
cam02,GJ11VV7988,False,-14.863,00031_s0_t233,9,False,False
cam02,GJ11YL3063,False,-14.572,00031_s0_t233,9,False,False
cam02,GJ13AW0332,False,-13.774,00031_s0_t233,9,False,False
cam02,GJ13AW0739,False,-13.81,00031_s0_t233,9,False,False
cam02,GJ13AW4739,False,-13.692,00031_s0_t233,9,False,False
cam02,GJ14BA3377,False,-11.903,00031_s0_t233,9,False,False
cam02,GJ14BA7977,False,-12.534,00031_s0_t233,9,False,False
cam02,GJ14LA3977,False,-13.376,00031_s0_t233,9,False,False
cam02,GJ14PA8377,False,-13.692,00031_s0_t233,9,False,False
cam02,GJ16AA3377,False,-12.214,00031_s0_t233,9,False,False
cam02,GJ17BR5391,False,-14.217,00031_s0_t233,9,False,False
cam02,GJ18BC0710,False,-13.475,00031_s0_t233,9,False,False
cam02,GJ18EC0510,False,-14.346,00031_s0_t233,9,False,False
cam02,GJ18EC0562,False,-14.635,00031_s0_t233,9,False,False
cam02,GJ18EC0590,False,-14.694,00031_s0_t233,9,False,False
cam02,GJ19CD5844,False,-14.234,00031_s0_t233,9,False,False
cam02,GJ1KE6061,False,-14.869,00031_s0_t233,8,False,False
cam02,GJ1KR6061,False,-14.95,00031_s0_t233,8,False,False
cam02,GJ1KU6061,False,-14.394,00031_s0_t233,8,False,False
cam02,GJ1KY6361,False,-13.869,00031_s0_t233,8,False,False
cam02,GJ32AG0416,False,-13.842,00031_s0_t233,8,False,False
cam02,GJ32AG9216,False,-13.29,00031_s0_t233,8,False,False
cam02,GJ32T2052,False,-9.584,00031_s0_t233,9,False,False
cam02,GJ37T9052,False,-11.032,00031_s0_t233,9,False,False
cam02,GJ39BH6725,False,-13.511,00031_s0_t233,10,False,False
cam02,GJ63AW0039,False,-17.95,00031_s0_t233,9,False,False
cam02,GJ71BH8725,False,-17.354,00031_s0_t233,9,False,False
cam02,GJ9KR6011,False,-15.036,00031_s0_t233,8,False,False
cam02,RJ22TA3407,False,-16.031,00031_s0_t233,9,False,False
cam02,RJ24TA3407,False,-16.718,00031_s0_t233,9,False,False
cam02,RJ24TA3897,False,-16.727,00031_s0_t233,9,False,False
cam04,GJ03EL4466,False,-6.646,00084_s0_t279,9,False,False
cam04,GJ03ZL9466,False,-6.869,00084_s0_t279,9,False,False
cam04,GJ05CS1117,False,-5.011,00084_s0_t279,9,False,False
cam04,GJ05CS1217,False,-5.097,00084_s0_t279,9,False,False
cam04,GJ05CS1897,False,-5.921,00084_s0_t279,9,False,False
cam04,GJ05CS7117,False,-5.138,00084_s0_t279,9,False,False
cam04,GJ10CL7598,False,-6.52,00084_s0_t279,9,False,False
cam04,GJ10DB6063,False,-6.927,00084_s0_t279,9,False,False
cam04,GJ10SA3377,False,-6.552,00084_s0_t279,9,False,False
cam04,GJ10VV7968,False,-7.204,00084_s0_t279,9,False,False
cam04,GJ11BH6324,False,-5.689,00084_s0_t279,8,False,False
cam04,GJ11BH6725,False,-5.725,00084_s0_t279,8,False,False
cam04,GJ11BK6399,False,-6.44,00084_s0_t279,9,False,False
cam04,GJ11BR5399,False,-6.336,00084_s0_t279,9,False,False
cam04,GJ11CD1448,False,-6.267,00084_s0_t279,9,False,False
cam04,GJ11CD3844,False,-6.78,00084_s0_t279,9,False,False
cam04,GJ11CH3002,False,-6.309,00084_s0_t279,9,False,False
cam04,GJ11CH6002,False,-6.258,00084_s0_t279,8,False,False
cam04,GJ11CH7598,False,-5.923,00084_s0_t279,9,False,False
cam04,GJ11CX8448,False,-6.527,00084_s0_t279,9,False,False
cam04,GJ11CZ7598,False,-6.171,00084_s0_t279,9,False,False
cam04,GJ11DB0063,False,-6.989,00084_s0_t279,9,False,False
cam04,GJ11DB3045,False,-6.899,00084_s0_t279,9,False,False
cam04,GJ11DB3063,False,-6.827,00084_s0_t279,9,False,False
cam04,GJ11MH7599,False,-6.705,00084_s0_t279,8,False,False
cam04,GJ11VV7988,False,-7.036,00084_s0_t279,9,False,False
cam04,GJ11YL3063,False,-6.91,00084_s0_t279,9,False,False
cam04,GJ13AW0332,False,-6.258,00084_s0_t279,9,False,False
cam04,GJ13AW0739,False,-6.421,00084_s0_t279,9,False,False
cam04,GJ13AW4739,False,-6.293,00084_s0_t279,9,False,False
cam04,GJ14BA3377,False,-5.933,00084_s0_t279,9,False,False
cam04,GJ14BA7977,False,-5.99,00084_s0_t279,9,False,False
cam04,GJ14LA3977,False,-7.001,00084_s0_t279,9,False,False
cam04,GJ14PA8377,False,-6.974,00084_s0_t279,9,False,False
cam04,GJ16AA3377,False,-6.282,00084_s0_t279,9,False,False
cam04,GJ17BR5391,False,-6.7,00084_s0_t279,9,False,False
cam04,GJ18BC0710,False,-6.416,00084_s0_t279,9,False,False
cam04,GJ18EC0510,False,-6.999,00084_s0_t279,9,False,False
cam04,GJ18EC0562,False,-7.287,00084_s0_t279,9,False,False
cam04,GJ18EC0590,False,-7.439,00084_s0_t279,9,False,False
cam04,GJ19CD5844,False,-7.123,00084_s0_t279,9,False,False
cam04,GJ1KE6061,False,-7.832,00084_s0_t279,7,False,False
cam04,GJ1KR6061,False,-7.881,00084_s0_t279,7,False,False
cam04,GJ1KU6061,False,-7.818,00084_s0_t279,7,False,False
cam04,GJ1KY6361,False,-7.054,00084_s0_t279,7,False,False
cam04,GJ32AG0416,False,-6.083,00084_s0_t279,8,False,False
cam04,GJ32AG9216,False,-5.649,00084_s0_t279,8,False,False
cam04,GJ32T2052,False,-3.861,00084_s0_t279,8,False,False
cam04,GJ37T9052,False,-5.223,00084_s0_t279,9,False,False
cam04,GJ39BH6725,False,-6.382,00084_s0_t279,8,False,False
cam04,GJ63AW0039,False,-9.776,00084_s0_t279,9,False,False
cam04,GJ71BH8725,False,-10.014,00084_s0_t279,9,False,False
cam04,GJ9KR6011,False,-8.361,00084_s0_t279,7,False,False
cam04,RJ22TA3407,False,-9.906,00084_s0_t279,9,False,False
cam04,RJ24TA3407,False,-10.385,00084_s0_t279,9,False,False
cam04,RJ24TA3897,False,-10.438,00084_s0_t279,9,False,False
cam05,GJ03EL4466,False,-6.903,00023_s0_t51,10,False,False
cam05,GJ03ZL9466,False,-6.697,00023_s0_t51,10,False,False
cam05,GJ05CS1117,False,-8.882,00023_s0_t51,9,False,False
cam05,GJ05CS1217,False,-8.632,00023_s0_t51,9,False,False
cam05,GJ05CS1897,False,-7.872,00023_s0_t51,9,False,False
cam05,GJ05CS7117,False,-9.215,00023_s0_t51,9,False,False
cam05,GJ10CL7598,False,-7.696,00023_s0_t51,9,False,False
cam05,GJ10DB6063,False,-6.443,00023_s0_t51,9,False,False
cam05,GJ10SA3377,False,-8.193,00023_s0_t51,9,False,False
cam05,GJ10VV7968,False,-7.238,00023_s0_t51,9,False,False
cam05,GJ11BH6324,False,-5.429,00023_s0_t51,9,False,False
cam05,GJ11BH6725,False,-6.088,00023_s0_t51,9,False,False
cam05,GJ11BK6399,False,-5.826,00023_s0_t51,9,False,False
cam05,GJ11BR5399,False,-5.798,00023_s0_t51,9,False,False
cam05,GJ11CD1448,False,-6.584,00023_s0_t51,9,False,False
cam05,GJ11CD3844,False,-6.502,00023_s0_t51,9,False,False
cam05,GJ11CH3002,False,-5.713,00023_s0_t51,9,False,False
cam05,GJ11CH6002,False,-5.287,00023_s0_t51,9,False,False
cam05,GJ11CH7598,False,-6.392,00023_s0_t51,9,False,False
cam05,GJ11CX8448,False,-5.872,00023_s0_t51,9,False,False
cam05,GJ11CZ7598,False,-6.924,00023_s0_t51,9,False,False
cam05,GJ11DB0063,False,-6.057,00023_s0_t51,9,False,False
cam05,GJ11DB3045,False,-6.438,00023_s0_t51,9,False,False
cam05,GJ11DB3063,False,-6.369,00023_s0_t51,9,False,False
cam05,GJ11MH7599,False,-6.899,00023_s0_t51,9,False,False
cam05,GJ11VV7988,False,-6.785,00023_s0_t51,9,False,False
cam05,GJ11YL3063,False,-6.632,00023_s0_t51,9,False,False
cam05,GJ13AW0332,False,-6.315,00023_s0_t51,9,False,False
cam05,GJ13AW0739,False,-6.736,00023_s0_t51,9,False,False
cam05,GJ13AW4739,False,-6.918,00023_s0_t51,9,False,False
cam05,GJ14BA3377,False,-7.666,00023_s0_t51,9,False,False
cam05,GJ14BA7977,False,-8.218,00023_s0_t51,9,False,False
cam05,GJ14LA3977,False,-7.982,00023_s0_t51,9,False,False
cam05,GJ14PA8377,False,-8.389,00023_s0_t51,9,False,False
cam05,GJ16AA3377,False,-8.358,00023_s0_t51,9,False,False
cam05,GJ17BR5391,False,-6.454,00023_s0_t51,9,False,False
cam05,GJ18BC0710,False,-7.972,00023_s0_t51,9,False,False
cam05,GJ18EC0510,False,-7.826,00023_s0_t51,9,False,False
cam05,GJ18EC0562,False,-7.52,00023_s0_t51,9,False,False
cam05,GJ18EC0590,False,-7.321,00023_s0_t51,9,False,False
cam05,GJ19CD5844,False,-7.156,00023_s0_t51,9,False,False
cam05,GJ1KE6061,False,-7.706,00023_s0_t51,7,False,False
cam05,GJ1KR6061,False,-7.171,00023_s0_t51,7,False,False
cam05,GJ1KU6061,False,-7.255,00023_s0_t51,7,False,False
cam05,GJ1KY6361,False,-7.597,00023_s0_t51,7,False,False
cam05,GJ32AG0416,False,-6.498,00023_s0_t51,8,False,False
cam05,GJ32AG9216,False,-6.817,00023_s0_t51,8,False,False
cam05,GJ32T2052,False,-4.208,00023_s0_t51,9,False,False
cam05,GJ37T9052,False,-3.912,00023_s0_t51,9,False,False
cam05,GJ39BH6725,False,-7.012,00023_s0_t51,9,False,False
cam05,GJ63AW0039,False,-9.176,00023_s0_t51,9,False,False
cam05,GJ71BH8725,False,-9.59,00023_s0_t51,9,False,False
cam05,GJ9KR6011,False,-9.716,00023_s0_t51,7,False,False
cam05,RJ22TA3407,False,-11.069,00023_s0_t51,9,False,False
cam05,RJ24TA3407,False,-11.512,00023_s0_t51,9,False,False
cam05,RJ24TA3897,False,-11.486,00023_s0_t51,9,False,False
cam06,GJ03EL4466,False,-7.016,00020_s0_t52,8,False,False
cam06,GJ03ZL9466,False,-6.755,00020_s0_t52,8,False,False
cam06,GJ05CS1117,False,-5.325,00015_s0_t34,9,False,False
cam06,GJ05CS1217,False,-5.39,00015_s0_t34,9,False,False
cam06,GJ05CS1897,False,-5.981,00015_s0_t34,9,False,False
cam06,GJ05CS7117,False,-5.711,00015_s0_t34,9,False,False
cam06,GJ10CL7598,False,-6.658,00015_s0_t34,9,False,False
cam06,GJ10DB6063,False,-7.853,00020_s0_t52,8,False,False
cam06,GJ10SA3377,False,-7.26,00015_s0_t34,8,False,False
cam06,GJ10VV7968,False,-7.464,00020_s0_t52,8,False,False
cam06,GJ11BH6324,False,-6.655,00020_s0_t52,9,False,False
cam06,GJ11BH6725,False,-7.071,00020_s0_t52,9,False,False
cam06,GJ11BK6399,False,-7.328,00020_s0_t52,9,False,False
cam06,GJ11BR5399,False,-7.035,00020_s0_t52,9,False,False
cam06,GJ11CD1448,False,-6.484,00020_s0_t52,8,False,False
cam06,GJ11CD3844,False,-6.761,00020_s0_t52,9,False,False
cam06,GJ11CH3002,False,-6.76,00020_s0_t52,9,False,False
cam06,GJ11CH6002,False,-6.51,00020_s0_t52,9,False,False
cam06,GJ11CH7598,False,-6.224,00020_s0_t52,9,False,False
cam06,GJ11CX8448,False,-6.224,00020_s0_t52,9,False,False
cam06,GJ11CZ7598,False,-6.152,00020_s0_t52,9,False,False
cam06,GJ11DB0063,False,-7.593,00020_s0_t52,8,False,False
cam06,GJ11DB3045,False,-7.391,00020_s0_t52,9,False,False
cam06,GJ11DB3063,False,-7.721,00020_s0_t52,8,False,False
cam06,GJ11MH7599,False,-6.817,00018_s0_t46,9,False,False
cam06,GJ11VV7988,False,-7.193,00020_s0_t52,10,False,False
cam06,GJ11YL3063,False,-7.645,00020_s0_t52,8,False,False
cam06,GJ13AW0332,False,-8.168,00018_s0_t46,9,False,False
cam06,GJ13AW0739,False,-7.628,00018_s0_t46,9,False,False
cam06,GJ13AW4739,False,-7.129,00018_s0_t46,9,False,False
cam06,GJ14BA3377,False,-7.64,00015_s0_t34,8,False,False
cam06,GJ14BA7977,False,-8.156,00015_s0_t34,9,False,False
cam06,GJ14LA3977,False,-7.424,00015_s0_t34,9,False,False
cam06,GJ14PA8377,False,-7.925,00015_s0_t34,8,False,False
cam06,GJ16AA3377,False,-7.538,00015_s0_t34,8,False,False
cam06,GJ17BR5391,False,-7.734,00020_s0_t52,8,False,False
cam06,GJ18BC0710,False,-7.258,00015_s0_t34,9,False,False
cam06,GJ18EC0510,False,-6.439,00013_s0_t31,9,False,False
cam06,GJ18EC0562,False,-6.846,00015_s0_t34,9,False,False
cam06,GJ18EC0590,False,-6.711,00013_s0_t31,9,False,False
cam06,GJ19CD5844,False,-7.278,00020_s0_t52,9,False,False
cam06,GJ1KE6061,False,-8.078,00015_s0_t34,7,False,False
cam06,GJ1KR6061,False,-8.302,00015_s0_t34,7,False,False
cam06,GJ1KU6061,False,-7.814,00015_s0_t34,7,False,False
cam06,GJ1KY6361,False,-7.066,00015_s0_t34,7,False,False
cam06,GJ32AG0416,False,-7.54,00015_s0_t34,8,False,False
cam06,GJ32AG9216,False,-7.57,00015_s0_t34,8,False,False
cam06,GJ32T2052,False,-4.002,00015_s0_t34,7,False,False
cam06,GJ37T9052,False,-4.77,00020_s0_t52,8,False,False
cam06,GJ39BH6725,False,-6.98,00015_s0_t34,9,False,False
cam06,GJ63AW0039,False,-10.916,00020_s0_t52,9,False,False
cam06,GJ71BH8725,False,-9.923,00015_s0_t34,9,False,False
cam06,GJ9KR6011,False,-7.824,00015_s0_t34,7,False,False
cam06,RJ22TA3407,False,-10.838,00015_s0_t34,9,False,False
cam06,RJ24TA3407,False,-10.723,00015_s0_t34,9,False,False
cam06,RJ24TA3897,False,-10.755,00015_s0_t34,9,False,False
cam06_noon,GJ03EL4466,True,-0.015,00058_s0_t172,0,False,False
cam06_noon,GJ03ZL9466,False,-13.275,00029_s0_t98,7,False,False
cam06_noon,GJ05CS1117,True,-8.502,00097_s0_t295,8,False,False
cam06_noon,GJ05CS1217,False,-7.97,00097_s0_t295,8,False,False
cam06_noon,GJ05CS1897,False,-11.943,00097_s0_t295,9,False,False
cam06_noon,GJ05CS7117,False,-9.629,00097_s0_t295,8,False,False
cam06_noon,GJ10CL7598,False,-10.518,00020_s0_t75,10,False,False
cam06_noon,GJ10DB6063,False,-12.089,00020_s0_t75,9,False,False
cam06_noon,GJ10SA3377,False,-11.969,00020_s0_t75,9,False,False
cam06_noon,GJ10VV7968,False,-15.355,00020_s0_t75,10,False,False
cam06_noon,GJ11BH6324,False,-10.799,00020_s0_t75,10,False,False
cam06_noon,GJ11BH6725,True,-1.512,00066_s0_t192,0,False,False
cam06_noon,GJ11BK6399,False,-8.328,00020_s0_t75,10,False,False
cam06_noon,GJ11BR5399,True,0.034,00068_s0_t194,0,False,False
cam06_noon,GJ11CD1448,True,0.134,00070_s0_t193,0,False,False
cam06_noon,GJ11CD3844,True,0.116,00024_s0_t80,0,False,False
cam06_noon,GJ11CH3002,True,-5.634,00073_s0_t218,0,False,False
cam06_noon,GJ11CH6002,False,-11.414,00020_s0_t75,10,False,False
cam06_noon,GJ11CH7598,True,-1.07,00071_s0_t203,0,False,False
cam06_noon,GJ11CX8448,False,-12.483,00020_s0_t75,9,False,False
cam06_noon,GJ11CZ7598,False,-11.261,00067_s0_t202,2,False,False
cam06_noon,GJ11DB0063,False,-10.785,00030_s0_t99,1,False,False
cam06_noon,GJ11DB3045,False,-11.719,00020_s0_t75,9,False,False
cam06_noon,GJ11DB3063,True,0.294,00030_s0_t99,0,False,False
cam06_noon,GJ11MH7599,False,-11.63,00020_s0_t75,10,False,False
cam06_noon,GJ11VV7988,True,-14.13,00020_s0_t75,10,False,False
cam06_noon,GJ11YL3063,False,-12.655,00082_s0_t251,8,False,False
cam06_noon,GJ13AW0332,False,-11.739,00020_s0_t75,9,False,False
cam06_noon,GJ13AW0739,True,-8.636,00019_s0_t73,1,False,False
cam06_noon,GJ13AW4739,False,-12.341,00020_s0_t75,8,False,False
cam06_noon,GJ14BA3377,True,0.132,00022_s0_t78,0,False,False
cam06_noon,GJ14BA7977,False,-15.807,00020_s0_t75,9,False,False
cam06_noon,GJ14LA3977,False,-14.852,00029_s0_t98,7,False,False
cam06_noon,GJ14PA8377,False,-13.395,00020_s0_t75,9,False,False
cam06_noon,GJ16AA3377,False,-13.262,00020_s0_t75,9,False,False
cam06_noon,GJ17BR5391,False,-12.156,00020_s0_t75,10,False,False
cam06_noon,GJ18BC0710,False,-10.502,00020_s0_t75,10,False,False
cam06_noon,GJ18EC0510,True,-4.445,00065_s0_t189,0,False,False
cam06_noon,GJ18EC0562,False,-12.497,00020_s0_t75,9,False,False
cam06_noon,GJ18EC0590,False,-10.286,00020_s0_t75,9,False,False
cam06_noon,GJ19CD5844,False,-15.054,00020_s0_t75,9,False,False
cam06_noon,GJ1KE6061,False,-9.111,00027_s0_t87,1,False,False
cam06_noon,GJ1KR6061,True,0.254,00027_s0_t87,0,False,False
cam06_noon,GJ1KU6061,False,-13.458,00049_s0_t143,6,False,False
cam06_noon,GJ1KY6361,False,-14.119,00091_s0_t284,9,False,False
cam06_noon,GJ32AG0416,False,-14.556,00020_s0_t75,8,False,False
cam06_noon,GJ32AG9216,False,-13.105,00020_s0_t75,9,False,False
cam06_noon,GJ32T2052,False,-10.222,00020_s0_t75,9,False,False
cam06_noon,GJ37T9052,True,-0.967,00108_s0_t324,0,False,False
cam06_noon,GJ39BH6725,False,-12.372,00020_s0_t75,10,False,False
cam06_noon,GJ63AW0039,False,-14.365,00020_s0_t75,9,False,False
cam06_noon,GJ71BH8725,False,-12.369,00020_s0_t75,10,False,False
cam06_noon,GJ9KR6011,False,-15.219,00049_s0_t143,7,False,False
cam06_noon,RJ22TA3407,False,-16.147,00032_s0_t104,1,False,False
cam06_noon,RJ24TA3407,True,-3.385,00032_s0_t104,0,False,False
cam06_noon,RJ24TA3897,False,-13.816,00031_s0_t102,3,False,False
cam07,GJ03EL4466,False,-10.686,00000_s0_t1,9,False,False
cam07,GJ03ZL9466,False,-11.888,00000_s0_t1,9,False,False
cam07,GJ05CS1117,False,-10.788,00000_s0_t1,9,False,False
cam07,GJ05CS1217,False,-10.828,00000_s0_t1,9,False,False
cam07,GJ05CS1897,False,-12.876,00000_s0_t1,9,False,False
cam07,GJ05CS7117,False,-12.165,00000_s0_t1,9,False,False
cam07,GJ10CL7598,False,-13.818,00000_s0_t1,9,False,False
cam07,GJ10DB6063,False,-14.678,00000_s0_t1,9,False,False
cam07,GJ10SA3377,False,-14.367,00000_s0_t1,9,False,False
cam07,GJ10VV7968,False,-16.192,00000_s0_t1,9,False,False
cam07,GJ11BH6324,False,-12.64,00000_s0_t1,9,False,False
cam07,GJ11BH6725,False,-12.863,00000_s0_t1,9,False,False
cam07,GJ11BK6399,False,-12.08,00000_s0_t1,9,False,False
cam07,GJ11BR5399,False,-12.068,00000_s0_t1,9,False,False
cam07,GJ11CD1448,False,-11.859,00000_s0_t1,9,False,False
cam07,GJ11CD3844,False,-13.828,00000_s0_t1,9,False,False
cam07,GJ11CH3002,False,-13.024,00000_s0_t1,9,False,False
cam07,GJ11CH6002,False,-12.345,00000_s0_t1,9,False,False
cam07,GJ11CH7598,False,-13.328,00000_s0_t1,9,False,False
cam07,GJ11CX8448,False,-11.34,00000_s0_t1,9,False,False
cam07,GJ11CZ7598,False,-12.384,00000_s0_t1,9,False,False
cam07,GJ11DB0063,False,-14.543,00000_s0_t1,9,False,False
cam07,GJ11DB3045,False,-14.514,00000_s0_t1,9,False,False
cam07,GJ11DB3063,False,-14.651,00000_s0_t1,9,False,False
cam07,GJ11MH7599,False,-16.102,00000_s0_t1,8,False,False
cam07,GJ11VV7988,False,-15.696,00000_s0_t1,9,False,False
cam07,GJ11YL3063,False,-14.22,00000_s0_t1,9,False,False
cam07,GJ13AW0332,False,-13.26,00000_s0_t1,9,False,False
cam07,GJ13AW0739,False,-13.958,00000_s0_t1,9,False,False
cam07,GJ13AW4739,False,-13.467,00000_s0_t1,9,False,False
cam07,GJ14BA3377,False,-14.228,00000_s0_t1,9,False,False
cam07,GJ14BA7977,False,-15.84,00000_s0_t1,9,False,False
cam07,GJ14LA3977,False,-14.574,00000_s0_t1,9,False,False
cam07,GJ14PA8377,False,-14.809,00000_s0_t1,9,False,False
cam07,GJ16AA3377,False,-14.877,00000_s0_t1,9,False,False
cam07,GJ17BR5391,False,-13.065,00000_s0_t1,9,False,False
cam07,GJ18BC0710,False,-14.39,00000_s0_t1,9,False,False
cam07,GJ18EC0510,False,-14.085,00000_s0_t1,9,False,False
cam07,GJ18EC0562,False,-14.119,00000_s0_t1,9,False,False
cam07,GJ18EC0590,False,-14.473,00000_s0_t1,9,False,False
cam07,GJ19CD5844,False,-14.61,00000_s0_t1,9,False,False
cam07,GJ1KE6061,False,-12.991,00000_s0_t1,7,False,False
cam07,GJ1KR6061,False,-13.348,00000_s0_t1,7,False,False
cam07,GJ1KU6061,False,-13.836,00000_s0_t1,7,False,False
cam07,GJ1KY6361,False,-12.886,00000_s0_t1,7,False,False
cam07,GJ32AG0416,True,-13.072,00000_s0_t1,8,False,False
cam07,GJ32AG9216,False,-12.57,00000_s0_t1,8,False,False
cam07,GJ32T2052,False,-8.879,00000_s0_t1,9,False,False
cam07,GJ37T9052,False,-9.947,00000_s0_t1,9,False,False
cam07,GJ39BH6725,False,-14.871,00000_s0_t1,9,False,False
cam07,GJ63AW0039,False,-17.153,00000_s0_t1,9,False,False
cam07,GJ71BH8725,False,-16.726,00000_s0_t1,9,False,False
cam07,GJ9KR6011,False,-14.997,00000_s0_t1,7,False,False
cam07,RJ22TA3407,False,-15.198,00000_s0_t1,9,False,False
cam07,RJ24TA3407,False,-16.043,00000_s0_t1,9,False,False
cam07,RJ24TA3897,False,-17.097,00000_s0_t1,9,False,False
cam08,GJ03EL4466,False,-4.834,00059_s0_t149,9,False,False
cam08,GJ03ZL9466,False,-5.381,00059_s0_t149,9,False,False
cam08,GJ05CS1117,False,-8.003,00044_s0_t80,9,False,False
cam08,GJ05CS1217,False,-7.832,00059_s0_t149,8,False,False
cam08,GJ05CS1897,False,-6.761,00059_s0_t149,8,False,False
cam08,GJ05CS7117,False,-8.022,00059_s0_t149,8,False,False
cam08,GJ10CL7598,False,-6.576,00059_s0_t149,8,False,False
cam08,GJ10DB6063,False,-6.428,00059_s0_t149,9,False,False
cam08,GJ10SA3377,False,-7.866,00059_s0_t149,9,False,False
cam08,GJ10VV7968,False,-6.396,00059_s0_t149,9,False,False
cam08,GJ11BH6324,False,-5.835,00059_s0_t149,8,False,False
cam08,GJ11BH6725,False,-6.432,00059_s0_t149,8,False,False
cam08,GJ11BK6399,False,-5.545,00059_s0_t149,9,False,False
cam08,GJ11BR5399,False,-5.721,00059_s0_t149,8,False,False
cam08,GJ11CD1448,False,-6.055,00059_s0_t149,8,False,False
cam08,GJ11CD3844,False,-5.873,00059_s0_t149,9,False,False
cam08,GJ11CH3002,False,-5.621,00059_s0_t149,8,False,False
cam08,GJ11CH6002,False,-5.475,00059_s0_t149,8,False,False
cam08,GJ11CH7598,False,-5.809,00059_s0_t149,7,False,False
cam08,GJ11CX8448,False,-5.286,00059_s0_t149,9,False,False
cam08,GJ11CZ7598,False,-6.382,00059_s0_t149,8,False,False
cam08,GJ11DB0063,False,-6.066,00059_s0_t149,8,False,False
cam08,GJ11DB3045,False,-6.106,00059_s0_t149,8,False,False
cam08,GJ11DB3063,False,-6.301,00059_s0_t149,9,False,False
cam08,GJ11MH7599,False,-5.914,00059_s0_t149,7,False,False
cam08,GJ11VV7988,False,-6.209,00059_s0_t149,9,False,False
cam08,GJ11YL3063,False,-6.599,00059_s0_t149,9,False,False
cam08,GJ13AW0332,False,-6.639,00059_s0_t149,9,False,False
cam08,GJ13AW0739,False,-6.63,00059_s0_t149,9,False,False
cam08,GJ13AW4739,False,-6.562,00059_s0_t149,9,False,False
cam08,GJ14BA3377,False,-6.772,00059_s0_t149,9,False,False
cam08,GJ14BA7977,False,-6.566,00059_s0_t149,9,False,False
cam08,GJ14LA3977,False,-6.741,00059_s0_t149,9,False,False
cam08,GJ14PA8377,False,-7.118,00059_s0_t149,9,False,False
cam08,GJ16AA3377,False,-7.048,00059_s0_t149,9,False,False
cam08,GJ17BR5391,False,-6.35,00059_s0_t149,8,False,False
cam08,GJ18BC0710,False,-6.815,00059_s0_t149,8,False,False
cam08,GJ18EC0510,False,-6.108,00059_s0_t149,8,False,False
cam08,GJ18EC0562,False,-5.772,00059_s0_t149,9,False,False
cam08,GJ18EC0590,False,-5.476,00059_s0_t149,9,False,False
cam08,GJ19CD5844,False,-5.977,00059_s0_t149,9,False,False
cam08,GJ1KE6061,False,-7.058,00059_s0_t149,7,False,False
cam08,GJ1KR6061,False,-7.063,00059_s0_t149,7,False,False
cam08,GJ1KU6061,False,-7.432,00059_s0_t149,7,False,False
cam08,GJ1KY6361,False,-7.444,00059_s0_t149,7,False,False
cam08,GJ32AG0416,False,-6.163,00059_s0_t149,8,False,False
cam08,GJ32AG9216,False,-6.718,00059_s0_t149,8,False,False
cam08,GJ32T2052,False,-4.572,00059_s0_t149,8,False,False
cam08,GJ37T9052,False,-4.167,00059_s0_t149,8,False,False
cam08,GJ39BH6725,False,-6.769,00059_s0_t149,9,False,False
cam08,GJ63AW0039,False,-8.35,00059_s0_t149,9,False,False
cam08,GJ71BH8725,False,-9.747,00059_s0_t149,8,False,False
cam08,GJ9KR6011,False,-9.29,00059_s0_t149,7,False,False
cam08,RJ22TA3407,False,-10.356,00059_s0_t149,9,False,False
cam08,RJ24TA3407,False,-10.167,00059_s0_t149,9,False,False
cam08,RJ24TA3897,False,-10.295,00059_s0_t149,9,False,False
cam09,GJ03EL4466,False,-1000000000.0,,99,False,False
cam09,GJ03ZL9466,False,-1000000000.0,,99,False,False
cam09,GJ05CS1117,False,-1000000000.0,,99,False,False
cam09,GJ05CS1217,False,-1000000000.0,,99,False,False
cam09,GJ05CS1897,False,-1000000000.0,,99,False,False
cam09,GJ05CS7117,False,-1000000000.0,,99,False,False
cam09,GJ10CL7598,False,-1000000000.0,,99,False,False
cam09,GJ10DB6063,False,-1000000000.0,,99,False,False
cam09,GJ10SA3377,False,-1000000000.0,,99,False,False
cam09,GJ10VV7968,False,-1000000000.0,,99,False,False
cam09,GJ11BH6324,False,-1000000000.0,,99,False,False
cam09,GJ11BH6725,False,-1000000000.0,,99,False,False
cam09,GJ11BK6399,False,-1000000000.0,,99,False,False
cam09,GJ11BR5399,False,-1000000000.0,,99,False,False
cam09,GJ11CD1448,False,-1000000000.0,,99,False,False
cam09,GJ11CD3844,False,-1000000000.0,,99,False,False
cam09,GJ11CH3002,False,-1000000000.0,,99,False,False
cam09,GJ11CH6002,False,-1000000000.0,,99,False,False
cam09,GJ11CH7598,False,-1000000000.0,,99,False,False
cam09,GJ11CX8448,False,-1000000000.0,,99,False,False
cam09,GJ11CZ7598,False,-1000000000.0,,99,False,False
cam09,GJ11DB0063,False,-1000000000.0,,99,False,False
cam09,GJ11DB3045,False,-1000000000.0,,99,False,False
cam09,GJ11DB3063,False,-1000000000.0,,99,False,False
cam09,GJ11MH7599,False,-1000000000.0,,99,False,False
cam09,GJ11VV7988,False,-1000000000.0,,99,False,False
cam09,GJ11YL3063,False,-1000000000.0,,99,False,False
cam09,GJ13AW0332,False,-1000000000.0,,99,False,False
cam09,GJ13AW0739,False,-1000000000.0,,99,False,False
cam09,GJ13AW4739,False,-1000000000.0,,99,False,False
cam09,GJ14BA3377,False,-1000000000.0,,99,False,False
cam09,GJ14BA7977,False,-1000000000.0,,99,False,False
cam09,GJ14LA3977,False,-1000000000.0,,99,False,False
cam09,GJ14PA8377,False,-1000000000.0,,99,False,False
cam09,GJ16AA3377,False,-1000000000.0,,99,False,False
cam09,GJ17BR5391,False,-1000000000.0,,99,False,False
cam09,GJ18BC0710,False,-1000000000.0,,99,False,False
cam09,GJ18EC0510,False,-1000000000.0,,99,False,False
cam09,GJ18EC0562,False,-1000000000.0,,99,False,False
cam09,GJ18EC0590,False,-1000000000.0,,99,False,False
cam09,GJ19CD5844,False,-1000000000.0,,99,False,False
cam09,GJ1KE6061,False,-1000000000.0,,99,False,False
cam09,GJ1KR6061,False,-1000000000.0,,99,False,False
cam09,GJ1KU6061,False,-1000000000.0,,99,False,False
cam09,GJ1KY6361,False,-1000000000.0,,99,False,False
cam09,GJ32AG0416,False,-1000000000.0,,99,False,False
cam09,GJ32AG9216,False,-1000000000.0,,99,False,False
cam09,GJ32T2052,False,-1000000000.0,,99,False,False
cam09,GJ37T9052,False,-1000000000.0,,99,False,False
cam09,GJ39BH6725,False,-1000000000.0,,99,False,False
cam09,GJ63AW0039,False,-1000000000.0,,99,False,False
cam09,GJ71BH8725,False,-1000000000.0,,99,False,False
cam09,GJ9KR6011,False,-1000000000.0,,99,False,False
cam09,RJ22TA3407,False,-1000000000.0,,99,False,False
cam09,RJ24TA3407,False,-1000000000.0,,99,False,False
cam09,RJ24TA3897,False,-1000000000.0,,99,False,False
