vehicle_id,vehicle_type,first_frame,last_frame,frames_seen,number_of_plate_candidates,max_plate_width,size_band,best_plate_frame,best_plate_size,best_plate_confidence,best_quality,OCR_result,OCR_confidence,status,reason,valid_format,emitted,emitted_confirmed,final_result
cam14_s0_t57,car,330,335,2,2,12.8,EXTREMELY_TINY,330,16x8,0.42,0.453,,0.0,UNREADABLE,width_below_gate:16<22,0,0,0,UNREADABLE
cam14_s0_t8,car,50,350,33,0,0,,,,,,,0.0,UNREADABLE,no_plate_detected,0,0,0,NO_PLATE_DETECTED
cam14_s0_t68,car,383,387,5,0,0,,,,,,,0.0,UNREADABLE,no_plate_detected,0,0,0,NO_PLATE_DETECTED
cam14_s0_t72,car,393,393,1,0,0,,,,,,,0.0,UNREADABLE,no_plate_detected,0,0,0,NO_PLATE_DETECTED
cam14_s0_t59,car,345,396,22,0,0,,,,,,,0.0,UNREADABLE,no_plate_detected,0,0,0,NO_PLATE_DETECTED
cam14_s0_t69,car,383,396,14,0,0,,,,,,,0.0,UNREADABLE,no_plate_detected,0,0,0,NO_PLATE_DETECTED
cam14_s0_t73,car,395,396,2,0,0,,,,,,,0.0,UNREADABLE,no_plate_detected,0,0,0,NO_PLATE_DETECTED
cam14_s0_t61,car,345,398,26,3,13.7,EXTREMELY_TINY,365,17x6,0.29,0.401,,0.0,UNREADABLE,width_below_gate:17<22,0,0,0,UNREADABLE
cam14_s0_t67,car,381,406,26,0,0,,,,,,,0.0,UNREADABLE,no_plate_detected,0,0,0,NO_PLATE_DETECTED
cam14_s0_t74,car,403,413,11,11,29.4,VERY_SMALL,409,23x5,0.528,0.467,,0.0,UNREADABLE,height_below_gate:5<8,0,0,0,UNREADABLE
cam14_s0_t62,car,380,414,35,35,46.5,SMALL,407,56x19,0.721,0.615,GJ01MK308,0.331,CANDIDATE,no_glyph_evidence:2,1,0,0,UNREADABLE
cam14_s0_t75,truck,408,419,12,10,22.5,VERY_SMALL,412,28x6,0.271,0.475,,0.0,UNREADABLE,height_below_gate:6<8,0,0,0,UNREADABLE
cam14_s0_t78,car,434,436,3,3,8.7,EXTREMELY_TINY,435,11x10,0.291,0.402,,0.0,UNREADABLE,width_below_gate:11<22,0,0,0,UNREADABLE
cam14_s0_t87,car,511,511,1,1,9.7,EXTREMELY_TINY,511,12x5,0.193,0.439,,0.0,UNREADABLE,width_below_gate:12<22,0,0,0,UNREADABLE
cam14_s0_t85,bus,507,516,10,0,0,,,,,,,0.0,UNREADABLE,no_plate_detected,0,0,0,NO_PLATE_DETECTED
cam14_s0_t83,car,505,526,22,22,19.4,EXTREMELY_TINY,513,21x14,0.361,0.431,,0.0,UNREADABLE,width_below_gate:21<22,0,0,0,UNREADABLE
cam14_s0_t84,car,505,526,16,0,0,,,,,,,0.0,UNREADABLE,no_plate_detected,0,0,0,NO_PLATE_DETECTED
cam14_s0_t86,car,508,535,28,0,0,,,,,,,0.0,UNREADABLE,no_plate_detected,0,0,0,NO_PLATE_DETECTED
cam14_s0_t89,car,530,564,35,0,0,,,,,,,0.0,UNREADABLE,no_plate_detected,0,0,0,NO_PLATE_DETECTED
cam14_s0_t90,car,569,577,9,0,0,,,,,,,0.0,UNREADABLE,no_plate_detected,0,0,0,NO_PLATE_DETECTED
cam14_s0_t92,car,571,577,7,0,0,,,,,,,0.0,UNREADABLE,no_plate_detected,0,0,0,NO_PLATE_DETECTED
cam14_s0_t94,car,576,577,2,0,0,,,,,,,0.0,UNREADABLE,no_plate_detected,0,0,0,NO_PLATE_DETECTED
cam14_s0_t95,car,576,577,2,0,0,,,,,,,0.0,UNREADABLE,no_plate_detected,0,0,0,NO_PLATE_DETECTED
cam14_s0_t101,car,584,585,2,0,0,,,,,,,0.0,UNREADABLE,no_plate_detected,0,0,0,NO_PLATE_DETECTED
cam14_s0_t98,car,581,589,9,1,13.9,EXTREMELY_TINY,584,18x7,0.287,0.438,,0.0,UNREADABLE,width_below_gate:18<22,0,0,0,UNREADABLE
cam14_s0_t99,car,581,589,9,0,0,,,,,,,0.0,UNREADABLE,no_plate_detected,0,0,0,NO_PLATE_DETECTED
cam14_s0_t100,car,581,590,10,0,0,,,,,,,0.0,UNREADABLE,no_plate_detected,0,0,0,NO_PLATE_DETECTED
cam14_s0_t104,car,591,592,2,0,0,,,,,,,0.0,UNREADABLE,no_plate_detected,0,0,0,NO_PLATE_DETECTED
cam14_s0_t97,car,581,602,20,0,0,,,,,,,0.0,UNREADABLE,no_plate_detected,0,0,0,NO_PLATE_DETECTED
cam14_s0_t108,car,600,602,3,0,0,,,,,,,0.0,UNREADABLE,no_plate_detected,0,0,0,NO_PLATE_DETECTED
cam14_s0_t96,car,576,604,14,0,0,,,,,,,0.0,UNREADABLE,no_plate_detected,0,0,0,NO_PLATE_DETECTED
cam14_s0_t105,car,596,604,9,9,13.4,EXTREMELY_TINY,603,15x6,0.196,0.456,,0.0,UNREADABLE,width_below_gate:15<22,0,0,0,UNREADABLE
cam14_s0_t111,car,609,612,4,0,0,,,,,,,0.0,UNREADABLE,no_plate_detected,0,0,0,NO_PLATE_DETECTED
cam14_s0_t112,truck,614,614,1,1,11.1,EXTREMELY_TINY,614,14x12,0.268,0.385,,0.0,UNREADABLE,width_below_gate:14<22,0,0,0,UNREADABLE
cam14_s0_t113,car,614,618,5,0,0,,,,,,,0.0,UNREADABLE,no_plate_detected,0,0,0,NO_PLATE_DETECTED
cam14_s0_t76,car,416,670,197,164,27.3,VERY_SMALL,435,34x9,0.405,0.493,,0.0,UNREADABLE,sharpness_below_gate:6.6<8.0,0,0,0,UNREADABLE
cam14_s0_t77,truck,433,670,152,60,10.6,EXTREMELY_TINY,652,11x6,0.27,0.436,,0.0,UNREADABLE,width_below_gate:11<22,0,0,0,UNREADABLE
cam14_s0_t81,car,505,642,77,0,0,,,,,,,0.0,UNREADABLE,no_plate_detected,0,0,0,NO_PLATE_DETECTED
cam14_s0_t102,truck,584,670,47,7,10.7,EXTREMELY_TINY,648,10x5,0.153,0.351,,0.0,UNREADABLE,width_below_gate:10<22,0,0,0,UNREADABLE
cam14_s0_t114,car,621,670,50,24,16.7,EXTREMELY_TINY,649,11x5,0.358,0.452,,0.0,UNREADABLE,width_below_gate:11<22,0,0,0,UNREADABLE
cam14_s0_t115,car,621,652,25,25,15.8,EXTREMELY_TINY,630,16x16,0.25,0.411,,0.0,UNREADABLE,width_below_gate:16<22,0,0,0,UNREADABLE
cam14_s0_t116,car,621,670,50,44,19.1,EXTREMELY_TINY,662,24x5,0.428,0.465,,0.0,UNREADABLE,height_below_gate:5<8,0,0,0,UNREADABLE
cam14_s0_t119,car,624,649,26,0,0,,,,,,,0.0,UNREADABLE,no_plate_detected,0,0,0,NO_PLATE_DETECTED
cam14_s0_t120,car,624,629,6,0,0,,,,,,,0.0,UNREADABLE,no_plate_detected,0,0,0,NO_PLATE_DETECTED
cam14_s0_t121,car,626,644,17,0,0,,,,,,,0.0,UNREADABLE,no_plate_detected,0,0,0,NO_PLATE_DETECTED
cam14_s0_t122,car,626,627,2,0,0,,,,,,,0.0,UNREADABLE,no_plate_detected,0,0,0,NO_PLATE_DETECTED
cam14_s0_t123,car,629,629,1,0,0,,,,,,,0.0,UNREADABLE,no_plate_detected,0,0,0,NO_PLATE_DETECTED
cam14_s0_t128,car,634,634,1,0,0,,,,,,,0.0,UNREADABLE,no_plate_detected,0,0,0,NO_PLATE_DETECTED
cam14_s0_t131,car,646,654,7,0,0,,,,,,,0.0,UNREADABLE,no_plate_detected,0,0,0,NO_PLATE_DETECTED
cam14_s0_t133,car,651,652,2,0,0,,,,,,,0.0,UNREADABLE,no_plate_detected,0,0,0,NO_PLATE_DETECTED
