camera_no,site_name,district,latitude,longitude,google_maps_link,facing,facing_basis,geo_confidence,geo_source,stream_url_to_open,rtsp_url,codec,resolution,fps,stream_status
1,"Chimanbhai Patel Bridge, RTO Circle, Ranip",Ahmedabad,23.068493,72.580767,"https://www.google.com/maps?q=23.068493,72.580767",West,operator survey,verified,your survey; OSM 'RTO Circle' bus stop 12.3 m away confirms it,https://live.corp8.cloud/live/stream/1/index.m3u8?cookieCheck=1,rtsp://live.corp8.cloud:8554/stream/1,not probed,not probed,not probed,LIVE
2,Janpath T-Junction,Ahmedabad,23.030000,72.570000,"https://www.google.com/maps?q=23.030000,72.570000",North,unconfirmed,estimated,no OSM match for 'Janpath'; overlay CSITMS-10_PTZ2,https://live.corp8.cloud/live/stream/2/index.m3u8?cookieCheck=1,rtsp://live.corp8.cloud:8554/stream/2,not probed,not probed,not probed,LIVE
3,O.N.G.C. Office,Ahmedabad,23.103638,72.586766,"https://www.google.com/maps?q=23.103638,72.586766",East,unconfirmed,geocoded,OSM bus stop 'ONGC',https://live.corp8.cloud/live/stream/3/index.m3u8?cookieCheck=1,rtsp://live.corp8.cloud:8554/stream/3,not probed,not probed,not probed,LIVE
4,Paldi Junction (V.S. Hospital approach),Ahmedabad,23.016500,72.565500,"https://www.google.com/maps?q=23.016500,72.565500",North,sign 'V.S. Hospital <-',landmark_derived,"OSM Paldi cluster; Gujarat Blood Bank / VS Hospital 23.016535,72.566382",https://live.corp8.cloud/live/stream/4/index.m3u8?cookieCheck=1,rtsp://live.corp8.cloud:8554/stream/4,not probed,not probed,not probed,LIVE
5,Visat Three-Way Junction (Motera),Ahmedabad,23.103000,72.587500,"https://www.google.com/maps?q=23.103000,72.587500",North,oncoming traffic on image right (left-hand drive),landmark_derived,gantry GANDHINAGAR/RTO CIRCLE/SABARMATI + MOTERA; anchored to ONGC hit,https://live.corp8.cloud/live/stream/5/index.m3u8?cookieCheck=1,rtsp://live.corp8.cloud:8554/stream/5,not probed,not probed,not probed,LIVE
6,Madhuram Bypass Road (from Aksharvadi),Bhavnagar,21.769769,72.145940,"https://www.google.com/maps?q=21.769769,72.145940",South,overlay 'From Aksharvadi',geocoded,OSM 'Madhuram Hospital' Bhavnagar - overlay beats catalogue label,https://live.corp8.cloud/live/stream/6/index.m3u8?cookieCheck=1,rtsp://live.corp8.cloud:8554/stream/6,H.265,1920x1080,25.0,LIVE
7,Hero Showroom (Bhavani Char Rasta approach),Gir Somnath,20.910000,70.367000,"https://www.google.com/maps?q=20.910000,70.367000",East,overlay 'Bhavani Char Rasta to Hero',estimated,no OSM match for 'Bhavani',https://live.corp8.cloud/live/stream/7/index.m3u8?cookieCheck=1,rtsp://live.corp8.cloud:8554/stream/7,not probed,not probed,not probed,LIVE
8,Majevadi Gate,Junagadh,21.517000,70.467000,"https://www.google.com/maps?q=21.517000,70.467000",North,unconfirmed,estimated,"OSM 'Majevadi' is a village 10 km away - REJECTED, frame shows city gate",https://live.corp8.cloud/live/stream/8/index.m3u8?cookieCheck=1,rtsp://live.corp8.cloud:8554/stream/8,not probed,not probed,not probed,LIVE
9,New Bypass at 66KV Substation (from Vadla Fatak),Junagadh,21.496747,70.402476,"https://www.google.com/maps?q=21.496747,70.402476",South,overlay 'From Vadla Fatak',geocoded,OSM node named 'Vadla fatak' - exact name match to overlay,https://live.corp8.cloud/live/stream/9/index.m3u8?cookieCheck=1,rtsp://live.corp8.cloud:8554/stream/9,not probed,not probed,not probed,LIVE
10,Char Chowk (from Diparti Furniture),Junagadh,21.518500,70.460000,"https://www.google.com/maps?q=21.518500,70.460000",East,overlay 'From Diparti Furniture',estimated,no OSM match for 'Char Chowk',https://live.corp8.cloud/live/stream/10/index.m3u8?cookieCheck=1,rtsp://live.corp8.cloud:8554/stream/10,not probed,not probed,not probed,LIVE
11,Dolatpara Gate,Junagadh,21.558757,70.465922,"https://www.google.com/maps?q=21.558757,70.465922",West,unconfirmed,geocoded,"OSM suburb + marketyard, two independent Dolatpara nodes",https://live.corp8.cloud/live/stream/11/index.m3u8?cookieCheck=1,rtsp://live.corp8.cloud:8554/stream/11,not probed,not probed,not probed,LIVE
12,"Tri Mandir Adalaj Toll Plaza, Lane 9",Gandhinagar,23.164692,72.582105,"https://www.google.com/maps?q=23.164692,72.582105",North,toll lane direction,landmark_derived,"OSM Adalaj town; Adalaj Circle 23.168342,72.586684",https://live.corp8.cloud/live/stream/12/index.m3u8?cookieCheck=1,rtsp://live.corp8.cloud:8554/stream/12,not probed,not probed,not probed,LIVE
13,C.N. Vidyalaya Junction,Ahmedabad,23.020838,72.552041,"https://www.google.com/maps?q=23.020838,72.552041",South,unconfirmed,geocoded,OSM way named 'Vidyalaya',https://live.corp8.cloud/live/stream/13/index.m3u8?cookieCheck=1,rtsp://live.corp8.cloud:8554/stream/13,H.264,1920x1080,12.5,LIVE
14,Delight Circle,Ahmedabad,23.047000,72.562000,"https://www.google.com/maps?q=23.047000,72.562000",East,unconfirmed,estimated,'WEST BANK' facade legible in frame but absent from OSM,https://live.corp8.cloud/live/stream/14/index.m3u8?cookieCheck=1,rtsp://live.corp8.cloud:8554/stream/14,H.264,1920x1080,12.5,LIVE
15,Suvidha Park Junction,Ahmedabad,23.014680,72.559172,"https://www.google.com/maps?q=23.014680,72.559172",West,unconfirmed,geocoded,OSM node 'Suvidha Crossroads' - exact junction match,https://live.corp8.cloud/live/stream/15/index.m3u8?cookieCheck=1,rtsp://live.corp8.cloud:8554/stream/15,H.264,1920x1080,12.5,LIVE
16,Visat T-Junction,Ahmedabad,23.103500,72.588000,"https://www.google.com/maps?q=23.103500,72.588000",South,unconfirmed,landmark_derived,ONGC hoarding in frame anchors to camera 3,https://live.corp8.cloud/live/stream/16/index.m3u8?cookieCheck=1,rtsp://live.corp8.cloud:8554/stream/16,H.264,1920x1080,12.5,LIVE
17,Rajkot Bus Port,Rajkot,22.295499,70.798950,"https://www.google.com/maps?q=22.295499,70.798950",Unknown,"stream down, never seen",geocoded,OSM 'Rajkot New Bus Station',https://live.corp8.cloud/live/stream/17/index.m3u8?cookieCheck=1,rtsp://live.corp8.cloud:8554/stream/17,H.265,1920x1080,25.0,DOWN (catalogue says live)
18,Rajkot City Camera,Rajkot,22.303900,70.802200,"https://www.google.com/maps?q=22.303900,70.802200",Unknown,"stream down, never seen",district_centroid,no location detail available,https://live.corp8.cloud/live/stream/18/index.m3u8?cookieCheck=1,rtsp://live.corp8.cloud:8554/stream/18,not probed,not probed,not probed,DOWN (catalogue says live)
19,Khaparia Gram Panchayat,Navsari,20.830000,72.990000,"https://www.google.com/maps?q=20.830000,72.990000",North,unconfirmed,estimated,no OSM match; Gandevi taluka per catalogue label,https://live.corp8.cloud/live/stream/19/index.m3u8?cookieCheck=1,rtsp://live.corp8.cloud:8554/stream/19,not probed,not probed,not probed,LIVE
20,Mohanpura (AI IPC),Navsari,20.850000,73.000000,"https://www.google.com/maps?q=20.850000,73.000000",East,unconfirmed,estimated,no OSM match; S-Gujarat vegetation in frame,https://live.corp8.cloud/live/stream/20/index.m3u8?cookieCheck=1,rtsp://live.corp8.cloud:8554/stream/20,not probed,not probed,not probed,LIVE
21,Dethali Char Rasta,Patan,23.916593,72.361148,"https://www.google.com/maps?q=23.916593,72.361148",North,unconfirmed,geocoded,OSM 'Dethali Circle' - exact junction match,https://live.corp8.cloud/live/stream/21/index.m3u8?cookieCheck=1,rtsp://live.corp8.cloud:8554/stream/21,not probed,not probed,not probed,LIVE
22,Mervada Three-Way Junction,Banaskantha,24.170000,72.430000,"https://www.google.com/maps?q=24.170000,72.430000",Unknown,stream unreachable,district_centroid,no OSM match; never captured a frame,https://live.corp8.cloud/live/stream/22/index.m3u8?cookieCheck=1,rtsp://live.corp8.cloud:8554/stream/22,H.265,1920x1080,25.0,DOWN (catalogue says live)
23,Kheram village road,Navsari,20.860000,73.050000,"https://www.google.com/maps?q=20.860000,73.050000",North,unconfirmed,estimated,no OSM match; overlay is generic 'Camera 01',https://live.corp8.cloud/live/stream/23/index.m3u8?cookieCheck=1,rtsp://live.corp8.cloud:8554/stream/23,H.264,1280x720,25.0,LIVE
24,Dehgam town road,Gandhinagar,23.164033,72.881832,"https://www.google.com/maps?q=23.164033,72.881832",North,unconfirmed,geocoded,OSM Dehgam,https://live.corp8.cloud/live/stream/24/index.m3u8?cookieCheck=1,rtsp://live.corp8.cloud:8554/stream/24,not probed,not probed,not probed,LIVE
25,Dhanori Gram Panchayat,Navsari,20.838862,73.023955,"https://www.google.com/maps?q=20.838862,73.023955",North,unconfirmed,geocoded,"OSM 'Civil Hospital, Dhanori'",https://live.corp8.cloud/live/stream/25/index.m3u8?cookieCheck=1,rtsp://live.corp8.cloud:8554/stream/25,not probed,not probed,not probed,LIVE
26,Tankal village junction,Navsari,20.859893,73.115038,"https://www.google.com/maps?q=20.859893,73.115038",East,unconfirmed,geocoded,OSM way 'Tankal' village centre,https://live.corp8.cloud/live/stream/26/index.m3u8?cookieCheck=1,rtsp://live.corp8.cloud:8554/stream/26,H.265,2560x1440,13.3,LIVE
27,Bilimora Bus Station - bay apron,Navsari,20.767169,72.969345,"https://www.google.com/maps?q=20.767169,72.969345",North,unconfirmed,landmark_derived,OSM Bilimora town; bus station not mapped in OSM,https://live.corp8.cloud/live/stream/27/index.m3u8?cookieCheck=1,rtsp://live.corp8.cloud:8554/stream/27,H.264,1280x960,24.9,LIVE
28,Bilimora Bus Station - concourse,Navsari,20.766635,72.970008,"https://www.google.com/maps?q=20.766635,72.970008",North,indoor camera,landmark_derived,OSM node 'Bilimora Junction',https://live.corp8.cloud/live/stream/28/index.m3u8?cookieCheck=1,rtsp://live.corp8.cloud:8554/stream/28,not probed,not probed,not probed,LIVE
29,Bilimora Bus Station - waiting hall,Navsari,20.766635,72.970008,"https://www.google.com/maps?q=20.766635,72.970008",South,indoor camera,landmark_derived,OSM node 'Bilimora Junction',https://live.corp8.cloud/live/stream/29/index.m3u8?cookieCheck=1,rtsp://live.corp8.cloud:8554/stream/29,H.264,1280x960,24.8,LIVE
30,"Hiralal Parakh Circle, Rambaug",Kutch,23.075403,70.090851,"https://www.google.com/maps?q=23.075403,70.090851",North,unconfirmed,geocoded,OSM 'Rambaug' Gandhidham; circle nameplate legible in frame,https://live.corp8.cloud/live/stream/30/index.m3u8?cookieCheck=1,rtsp://live.corp8.cloud:8554/stream/30,not probed,not probed,not probed,LIVE
